Workbook

Sheet DETALLE FACT PEAJES
A1: SIC | B1: NIC | C1: DES_CLIENTE | D1: NIVEL TENSION | E1: CONSUMO | F1: Aproximacion a decenas Energia | G1: PEAJES REGIONALES NO REGULADOS OTRO | H1: PEAJES REGIONALES REGULADOS OTROS | I1: TARIFA ACTIVA | J1: PEN. ENERGIA REACTIVA PEAJES | K1: ENERGIA REACTIVA PEAJES | L1: PEN. REACTIVA IND ($) - M A CARGAR | M1: PEN. REACTIVA IND ($) - M APLICADA FINAL | N1: TARIFA REACTIVA | O1: M | P1: AGPE | Q1: PROPIEDAD
A2: Frt07175 | B2: 1415542 | C2: 423 INVERSIONES EN RECREACION, DEPORTE Y SALUD S.A. - PLAZUELA | D2: 1 | E2: 29416.905 | F2: -3.05 | H2: 3176900.7 | I2: =(G2+H2)/E2 -> 107.99575 | J2: 7792.33 | K2: 47.76 | L2: =(J2*O2)-J2 -> 0 | M2: =(J2*O2) -> 7792.33 | N2: =M2/K2/O2 -> 163.15599 | O2: 1 | Q2: =_xlfn.XLOOKUP(A2,'CONSOLIDADO PEAJES'!H:H,'CONSOLIDADO PEAJES'!AC:AC) -> 1
A3: Frt18685 | B3: 1307882 | C3: 038 INDUSTRIA COLOMBIANA DE CONFECCIONES S.A. INCOCO S.A. ALM NO 27 | D3: 1 | E3: 2950.422 | F3: 4.88 | H3: 420232.91 | I3: =(G3+H3)/E3 -> 142.43146 | J3: 672.21 | K3: 3.402 | L3: =(J3*O3)-J3 -> 0 | M3: =(J3*O3) -> 672.21 | N3: =M3/K3/O3 -> 197.59259 | O3: 1 | Q3: =_xlfn.XLOOKUP(A3,'CONSOLIDADO PEAJES'!H:H,'CONSOLIDADO PEAJES'!AC:AC) -> 0
A4: Frt18958 | B4: 1288986 | C4: 08 INDUSTRIA COLOMBIANA DE CONFECCIONES S.A. INCOCO S.A. ALM NO 25 | D4: 1 | E4: 4836.756 | F4: 0.91 | H4: 522349.09 | I4: =(G4+H4)/E4 -> 107.99575 | L4: =(J4*O4)-J4 -> 0 | M4: =(J4*O4) -> 0 | N4: 163.15599 | O4: 1 | Q4: =_xlfn.XLOOKUP(A4,'CONSOLIDADO PEAJES'!H:H,'CONSOLIDADO PEAJES'!AC:AC) -> 1
A5: Frt25486 | B5: 1288751 | C5: 09 INDUSTRIA COLOMBIANA DE CONFECCIONES SA | D5: 1 | E5: 3269.341 | F5: 0.12 | H5: 353074.93 | I5: =(G5+H5)/E5 -> 107.99575 | J5: 164.95 | K5: 1.011 | L5: =(J5*O5)-J5 -> 0 | M5: =(J5*O5) -> 164.95 | N5: 163.15599 | O5: 1 | Q5: =_xlfn.XLOOKUP(A5,'CONSOLIDADO PEAJES'!H:H,'CONSOLIDADO PEAJES'!AC:AC) -> 1
A6: Frt26227 | B6: 1307886 | C6: 039 INDUSTRIA COLOMBIANA DE CONFECCIONES SA | D6: 1 | E6: 2677.293 | F6: -3.64 | H6: 264059.13 | I6: =(G6+H6)/E6 -> 98.629149 | J6: 14054.51 | K6: 91.388 | L6: =(J6*O6)-J6 -> 42163.53 | M6: =(J6*O6) -> 56218.04 | N6: =M6/K6/O6 -> 153.78945 | O6: 4 | Q6: 1
A7: Frt26506 | B7: 1412055 | C7: 341 INVERSIONES EN RECREACION, DEPORTE Y SALUD S.A. - EJECUTIVOS | D7: 1 | E7: 20551.08 | F7: -1.07 | H7: 2219429.3 | I7: =(G7+H7)/E7 -> 107.99575 | J7: 56601.77 | K7: 346.918 | L7: =(J7*O7)-J7 -> 0 | M7: =(J7*O7) -> 56601.77 | N7: 163.15599 | O7: 1 | Q7: =_xlfn.XLOOKUP(A7,'CONSOLIDADO PEAJES'!H:H,'CONSOLIDADO PEAJES'!AC:AC) -> 1
A8: Frt26688 | B8: 1412141 | C8: 368 INVERSIONES EN RECREACIION DEPORTE Y SALUD S.A. - BODYTECH CARIBE PLAZA | D8: 1 | E8: 31177.301 | F8: 4.73 | H8: 4440628.5 | I8: =(G8+H8)/E8 -> 142.43146 | J8: 51626.77 | K8: 261.28 | L8: =(J8*O8)-J8 -> 0 | M8: =(J8*O8) -> 51626.77 | N8: =M8/K8/O8 -> 197.59174 | O8: 1 | Q8: =_xlfn.XLOOKUP(A8,'CONSOLIDADO PEAJES'!H:H,'CONSOLIDADO PEAJES'!AC:AC) -> 0
A9: Frt31432 | B9: 1386094 | C9: 236 PROMOTORA BELLATRIX SAS | D9: 1 | E9: 6158.302 | F9: -4.32 | H9: 877135.94 | I9: =(G9+H9)/E9 -> 142.43146 | J9: 5088.38 | K9: 25.752 | L9: =(J9*O9)-J9 -> 0 | M9: =(J9*O9) -> 5088.38 | N9: =M9/K9/O9 -> 197.59164 | O9: 1 | Q9: =_xlfn.XLOOKUP(A9,'CONSOLIDADO PEAJES'!H:H,'CONSOLIDADO PEAJES'!AC:AC) -> 0
A10: Frt35190 | B10: 1340629 | C10: 060 BESPOKE COLOMBIA S.A.S. | D10: 1 | E10: 6890.45 | F10: 3.15 | H10: 981416.85 | I10: =(G10+H10)/E10 -> 142.43146 | L10: =(J10*O10)-J10 -> 0 | M10: =(J10*O10) -> 0 | N10: 197.59164 | O10: 1 | Q10: =_xlfn.XLOOKUP(A10,'CONSOLIDADO PEAJES'!H:H,'CONSOLIDADO PEAJES'!AC:AC) -> 0
A11: Frt36869 | B11: 1415365 | C11: 389 NCS S. A. S. CL 44 8 43 LOC A189 | D11: 1 | E11: 4048.934 | F11: 4.47 | H11: 437267.66 | I11: =(G11+H11)/E11 -> 107.99575 | J11: 29757.87 | K11: 182.389 | L11: =(J11*O11)-J11 -> 0 | M11: =(J11*O11) -> 29757.87 | N11: 163.15599 | O11: 1 | Q11: =_xlfn.XLOOKUP(A11,'CONSOLIDADO PEAJES'!H:H,'CONSOLIDADO PEAJES'!AC:AC) -> 1
A12: Frt36870 | B12: 1380304 | C12: 215 NCS MODA SAS | D12: 1 | E12: 5676.727 | F12: -2.39 | H12: 613062.39 | I12: =(G12+H12)/E12 -> 107.99575 | L12: =(J12*O12)-J12 -> 0 | M12: =(J12*O12) -> 0 | N12: 163.15599 | O12: 1 | Q12: =_xlfn.XLOOKUP(A12,'CONSOLIDADO PEAJES'!H:H,'CONSOLIDADO PEAJES'!AC:AC) -> 1
A13: Frt36871 | B13: 1356065 | C13: 124 NCS MODA SAS | D13: 1 | E13: 5150.798 | F13: 4.32 | H13: 733635.68 | I13: =(G13+H13)/E13 -> 142.43146 | L13: =(J13*O13)-J13 -> 0 | M13: =(J13*O13) -> 0 | N13: 197.59164 | O13: 1 | Q13: =_xlfn.XLOOKUP(A13,'CONSOLIDADO PEAJES'!H:H,'CONSOLIDADO PEAJES'!AC:AC) -> 0
A14: Frt37173 | B14: 1317345 | C14: 043 GASTRONOMIA ITALIANA EN COLOMBIA SAS | D14: 1 | E14: 17674.865 | F14: -0.57 | H14: 1908810.3 | I14: =(G14+H14)/E14 -> 107.99575 | J14: 150.27 | K14: 0.921 | L14: =(J14*O14)-J14 -> 0 | M14: =(J14*O14) -> 150.27 | N14: 163.15599 | O14: 1 | Q14: =_xlfn.XLOOKUP(A14,'CONSOLIDADO PEAJES'!H:H,'CONSOLIDADO PEAJES'!AC:AC) -> 1
A15: Frt40322 | B15: 1303762 | C15: 022 BANCO DAVIVIENDA SA | D15: 1 | E15: 3951.921 | F15: -4.09 | H15: 426790.67 | I15: =(G15+H15)/E15 -> 107.99575 | J15: 17083.42 | K15: 104.706 | L15: =(J15*O15)-J15 -> 0 | M15: =(J15*O15) -> 17083.42 | N15: 163.15599 | O15: 1 | Q15: =_xlfn.XLOOKUP(A15,'CONSOLIDADO PEAJES'!H:H,'CONSOLIDADO PEAJES'!AC:AC) -> 1
A16: Frt41384 | B16: 1303703 | C16: 024 BANCO DAVIVIENDA SA | D16: 1 | E16: 3613.953 | F16: 3.66 | H16: 390291.56 | I16: =(G16+H16)/E16 -> 107.99575 | J16: 8654.78 | K16: 53.046 | L16: =(J16*O16)-J16 -> 0 | M16: =(J16*O16) -> 8654.78 | N16: 163.15599 | O16: 1 | Q16: =_xlfn.XLOOKUP(A16,'CONSOLIDADO PEAJES'!H:H,'CONSOLIDADO PEAJES'!AC:AC) -> 1
A17: Frt41385 | B17: 1304933 | C17: 036 BANCO DAVIVIENDA SA | D17: 1 | E17: 7896.459 | F17: -3.53 | H17: 852784.01 | I17: =(G17+H17)/E17 -> 107.99575 | J17: 32159.52 | K17: 197.109 | L17: =(J17*O17)-J17 -> 0 | M17: =(J17*O17) -> 32159.52 | N17: 163.15599 | O17: 1 | Q17: =_xlfn.XLOOKUP(A17,'CONSOLIDADO PEAJES'!H:H,'CONSOLIDADO PEAJES'!AC:AC) -> 1
A18: Frt41386 | B18: 1303705 | C18: 025 BANCO DAVIVIENDA SA | D18: 1 | E18: 6134.369 | F18: 4.22 | H18: 662485.78 | I18: =(G18+H18)/E18 -> 107.99575 | L18: =(J18*O18)-J18 -> 0 | M18: =(J18*O18) -> 0 | N18: 163.15599 | O18: 1 | Q18: =_xlfn.XLOOKUP(A18,'CONSOLIDADO PEAJES'!H:H,'CONSOLIDADO PEAJES'!AC:AC) -> 1
A19: Frt41388 | B19: 1303708 | C19: 026 BANCO DAVIVIENDA SA | D19: 1 | E19: 4831.433 | F19: -4.23 | H19: 521774.23 | I19: =(G19+H19)/E19 -> 107.99575 | L19: =(J19*O19)-J19 -> 0 | M19: =(J19*O19) -> 0 | N19: 163.15599 | O19: 1 | Q19: =_xlfn.XLOOKUP(A19,'CONSOLIDADO PEAJES'!H:H,'CONSOLIDADO PEAJES'!AC:AC) -> 1
A20: Frt41402 | B20: 1303711 | C20: 027 BANCO DAVIVIENDA SA | D20: 1 | E20: 5767.456 | F20: 0.99 | H20: 622860.74 | I20: =(G20+H20)/E20 -> 107.99575 | J20: 4418.27 | K20: 27.08 | L20: =(J20*O20)-J20 -> 0 | M20: =(J20*O20) -> 4418.27 | N20: 163.15599 | O20: 1 | Q20: =_xlfn.XLOOKUP(A20,'CONSOLIDADO PEAJES'!H:H,'CONSOLIDADO PEAJES'!AC:AC) -> 1
A21: Frt42285 | B21: 1303716 | C21: 028 BANCO DAVIVIENDA SA | D21: 1 | E21: 4595.121 | F21: 3.94 | H21: 496253.54 | I21: =(G21+H21)/E21 -> 107.99575 | J21: 192.52 | K21: 1.18 | L21: =(J21*O21)-J21 -> 0 | M21: =(J21*O21) -> 192.52 | N21: 163.15599 | O21: 1 | Q21: =_xlfn.XLOOKUP(A21,'CONSOLIDADO PEAJES'!H:H,'CONSOLIDADO PEAJES'!AC:AC) -> 1
A22: Frt42286 | B22: 1303717 | C22: 029 BANCO DAVIVIENDA SA | D22: 1 | E22: 5602.074 | F22: -0.18 | H22: 605000.18 | I22: =(G22+H22)/E22 -> 107.99575 | L22: =(J22*O22)-J22 -> 0 | M22: =(J22*O22) -> 0 | N22: 163.15599 | O22: 1 | Q22: =_xlfn.XLOOKUP(A22,'CONSOLIDADO PEAJES'!H:H,'CONSOLIDADO PEAJES'!AC:AC) -> 1
A23: Frt42287 | B23: 1303720 | C23: 030 BANCO DAVIVIENDA SA | D23: 1 | E23: 4715.809 | F23: 0.44 | H23: 671679.56 | I23: =(G23+H23)/E23 -> 142.43146 | L23: =(J23*O23)-J23 -> 0 | M23: =(J23*O23) -> 0 | N23: 197.59164 | O23: 1 | Q23: =_xlfn.XLOOKUP(A23,'CONSOLIDADO PEAJES'!H:H,'CONSOLIDADO PEAJES'!AC:AC) -> 0
A24: Frt43155 | B24: 1303764 | C24: 031 BANCO DAVIVIENDA SA | D24: 1 | E24: 3803.929 | F24: -0.88 | H24: 410808.17 | I24: =(G24+H24)/E24 -> 107.99575 | J24: 7162.71 | K24: 43.901 | L24: =(J24*O24)-J24 -> 0 | M24: =(J24*O24) -> 7162.71 | N24: 163.15599 | O24: 1 | Q24: =_xlfn.XLOOKUP(A24,'CONSOLIDADO PEAJES'!H:H,'CONSOLIDADO PEAJES'!AC:AC) -> 1
A25: Frt43156 | B25: 1303907 | C25: 032 BANCO DAVIVIENDA SA | D25: 1 | E25: 3061.141 | F25: 0.95 | H25: 330590.22 | I25: =(G25+H25)/E25 -> 107.99575 | J25: 13748.83 | K25: 84.268 | L25: =(J25*O25)-J25 -> 0 | M25: =(J25*O25) -> 13748.83 | N25: 163.15599 | O25: 1 | Q25: =_xlfn.XLOOKUP(A25,'CONSOLIDADO PEAJES'!H:H,'CONSOLIDADO PEAJES'!AC:AC) -> 1
A26: Frt43157 | B26: 1303767 | C26: 033 BANCO DAVIVIENDA SA | D26: 1 | E26: 10148.798 | F26: 2 | H26: 1096027.1 | I26: =(G26+H26)/E26 -> 107.99575 | J26: 60140.95 | K26: 368.61 | L26: =(J26*O26)-J26 -> 0 | M26: =(J26*O26) -> 60140.95 | N26: 163.15599 | O26: 1 | Q26: =_xlfn.XLOOKUP(A26,'CONSOLIDADO PEAJES'!H:H,'CONSOLIDADO PEAJES'!AC:AC) -> 1
A27: Frt43194 | B27: 1303924 | C27: 034 BANCO DAVIVIENDA SA | D27: 1 | E27: 5145.421 | F27: -1.14 | H27: 555683.6 | I27: =(G27+H27)/E27 -> 107.99575 | J27: 3367.54 | K27: 20.64 | L27: =(J27*O27)-J27 -> 0 | M27: =(J27*O27) -> 3367.54 | N27: 163.15599 | O27: 1 | Q27: =_xlfn.XLOOKUP(A27,'CONSOLIDADO PEAJES'!H:H,'CONSOLIDADO PEAJES'!AC:AC) -> 1
A28: Frt45072 | B28: 1340624 | C28: 058 HL OPERADORES S.A.S (SEDE 5) | D28: 1 | E28: 8427.25 | F28: 2.42 | H28: 910107.18 | I28: =(G28+H28)/E28 -> 107.99575 | J28: 26890.4 | K28: 164.814 | L28: =(J28*O28)-J28 -> 0 | M28: =(J28*O28) -> 26890.4 | N28: 163.15599 | O28: 1 | Q28: =_xlfn.XLOOKUP(A28,'CONSOLIDADO PEAJES'!H:H,'CONSOLIDADO PEAJES'!AC:AC) -> 1
A29: Frt45621 | B29: 1406183 | C29: 317 PAISAR SAS - SAN LAZARO ART HOTEL | D29: 1 | E29: 44112.82 | F29: 2.92 | H29: 4763997.1 | I29: =(G29+H29)/E29 -> 107.99575 | L29: =(J29*O29)-J29 -> 0 | M29: =(J29*O29) -> 0 | N29: 163.15599 | O29: 1 | Q29: =_xlfn.XLOOKUP(A29,'CONSOLIDADO PEAJES'!H:H,'CONSOLIDADO PEAJES'!AC:AC) -> 1
A30: Frt45865 | B30: 1340528 | C30: 055 SATI BRO S.A.S | D30: 1 | E30: 15864.841 | F30: -2.47 | H30: 2259652.5 | I30: =(G30+H30)/E30 -> 142.43146 | L30: =(J30*O30)-J30 -> 0 | M30: =(J30*O30) -> 0 | N30: 197.59164 | O30: 1 | Q30: =_xlfn.XLOOKUP(A30,'CONSOLIDADO PEAJES'!H:H,'CONSOLIDADO PEAJES'!AC:AC) -> 0
A31: Frt49106 | B31: 1415362 | C31: 424 PROYECTOS E INVERSIONES M Y C SAS - BENEDETTO RISTORANTE | D31: 1 | E31: 8878.21 | F31: -0.96 | H31: 958808.95 | I31: =(G31+H31)/E31 -> 107.99575 | J31: 22602.01 | K31: 138.53 | L31: =(J31*O31)-J31 -> 0 | M31: =(J31*O31) -> 22602.01 | N31: 163.15599 | O31: 1 | Q31: =_xlfn.XLOOKUP(A31,'CONSOLIDADO PEAJES'!H:H,'CONSOLIDADO PEAJES'!AC:AC) -> 1
A32: Frt50758 | B32: 1281726 | C32: 02 GALAVANTA TRAVEL SAS | D32: 1 | E32: 144.515 | F32: -3.48 | H32: 20583.48 | I32: =(G32+H32)/E32 -> 142.43144 | L32: =(J32*O32)-J32 -> 0 | M32: =(J32*O32) -> 0 | N32: 197.59164 | O32: 1 | Q32: =_xlfn.XLOOKUP(A32,'CONSOLIDADO PEAJES'!H:H,'CONSOLIDADO PEAJES'!AC:AC) -> 0
A33: Frt50896 | B33: 1282988 | C33: 04 FUNDACION RONALD MC DONALD SEDE CARTAGENA | D33: 1 | E33: 1721.572 | F33: 1.34 | H33: 185922.46 | I33: =(G33+H33)/E33 -> 107.99575 | J33: 20176.2 | K33: 123.662 | L33: =(J33*O33)-J33 -> 100881 | M33: =(J33*O33) -> 121057.2 | N33: 163.15599 | O33: 6 | Q33: =_xlfn.XLOOKUP(A33,'CONSOLIDADO PEAJES'!H:H,'CONSOLIDADO PEAJES'!AC:AC) -> 1
A34: Frt50897 | B34: 1282989 | C34: 05 SEVEN COMPANY SAS | D34: 1 | E34: 171.969 | F34: -1.92 | H34: 18571.92 | I34: =(G34+H34)/E34 -> 107.99574 | L34: =(J34*O34)-J34 -> 0 | M34: =(J34*O34) -> 0 | N34: 163.15599 | O34: 1 | Q34: =_xlfn.XLOOKUP(A34,'CONSOLIDADO PEAJES'!H:H,'CONSOLIDADO PEAJES'!AC:AC) -> 1
A35: Frt50921 | B35: 1282806 | C35: 06 ACONDESA MERCAPOLLO LC1 MTR | D35: 1 | E35: 591.758 | F35: 2.43 | H35: 84284.96 | I35: =(G35+H35)/E35 -> 142.43147 | J35: 39972.61 | K35: 202.299 | L35: =(J35*O35)-J35 -> 199863.05 | M35: =(J35*O35) -> 239835.66 | N35: 197.59164 | O35: 6 | Q35: =_xlfn.XLOOKUP(A35,'CONSOLIDADO PEAJES'!H:H,'CONSOLIDADO PEAJES'!AC:AC) -> 0
A36: Frt50975 | B36: 1282807 | C36: 07 ACONDESA MERCAPOLLO LC2 MTR | D36: 1 | E36: 5678.609 | F36: 3.21 | H36: 808812.57 | I36: =(G36+H36)/E36 -> 142.43146 | J36: 1344.22 | K36: 6.803 | L36: =(J36*O36)-J36 -> 0 | M36: =(J36*O36) -> 1344.22 | N36: 197.59164 | O36: 1 | Q36: =_xlfn.XLOOKUP(A36,'CONSOLIDADO PEAJES'!H:H,'CONSOLIDADO PEAJES'!AC:AC) -> 0
A37: Frt51639 | B37: 1295066 | C37: 021 HOTEL ITACO | D37: 1 | E37: 1724.057 | F37: 0.04 | H37: 245559.96 | I37: =(G37+H37)/E37 -> 142.43146 | L37: =(J37*O37)-J37 -> 0 | M37: =(J37*O37) -> 0 | N37: 197.59164 | O37: 1 | Q37: =_xlfn.XLOOKUP(A37,'CONSOLIDADO PEAJES'!H:H,'CONSOLIDADO PEAJES'!AC:AC) -> 0
A38: Frt51650 | B38: 1295340 | C38: 010 LITOGRAF�A JULIO GAMEZ VALLEDUPAR | D38: 1 | E38: 3513.475 | F38: -1 | H38: 500429.37 | I38: =(G38+H38)/E38 -> 142.43146 | J38: 0 | K38: 11.699 | L38: =(J38*O38)-J38 -> 0 | M38: =(J38*O38) -> 0 | N38: 197.59164 | O38: 1 | P38: AGPE | Q38: =_xlfn.XLOOKUP(A38,'CONSOLIDADO PEAJES'!H:H,'CONSOLIDADO PEAJES'!AC:AC) -> 0
A39: Frt51790 | B39: 1296891 | C39: 011 WYNWOOD 1402 CTG | D39: 1 | E39: 543.485 | F39: -4.56 | H39: 58694.07 | I39: =(G39+H39)/E39 -> 107.99575 | J39: 0.49 | K39: 0.003 | L39: =(J39*O39)-J39 -> 0 | M39: =(J39*O39) -> 0.49 | N39: 163.15599 | O39: 1 | Q39: =_xlfn.XLOOKUP(A39,'CONSOLIDADO PEAJES'!H:H,'CONSOLIDADO PEAJES'!AC:AC) -> 1
A40: Frt51791 | B40: 1296893 | C40: 012 WYNWOOD 1302 CTG | D40: 1 | E40: 103.286 | F40: -4.45 | H40: 11154.45 | I40: =(G40+H40)/E40 -> 107.99576 | L40: =(J40*O40)-J40 -> 0 | M40: =(J40*O40) -> 0 | N40: 163.15599 | O40: 1 | Q40: =_xlfn.XLOOKUP(A40,'CONSOLIDADO PEAJES'!H:H,'CONSOLIDADO PEAJES'!AC:AC) -> 1
A41: Frt51792 | B41: 1296894 | C41: 013 WYNWOOD 1202 CTG | D41: 1 | E41: 340.016 | F41: 0.54 | H41: 36720.28 | I41: =(G41+H41)/E41 -> 107.99574 | J41: 69.18 | K41: 0.424 | L41: =(J41*O41)-J41 -> 0 | M41: =(J41*O41) -> 69.18 | N41: 163.15599 | O41: 1 | Q41: =_xlfn.XLOOKUP(A41,'CONSOLIDADO PEAJES'!H:H,'CONSOLIDADO PEAJES'!AC:AC) -> 1
A42: Frt51793 | B42: 1296899 | C42: 014 WYNWOOD 1201 CTG | D42: 1 | E42: 400.298 | F42: -1.62 | H42: 43230.48 | I42: =(G42+H42)/E42 -> 107.99574 | J42: 1.14 | K42: 0.007 | L42: =(J42*O42)-J42 -> 0 | M42: =(J42*O42) -> 1.14 | N42: 163.15599 | O42: 1 | Q42: =_xlfn.XLOOKUP(A42,'CONSOLIDADO PEAJES'!H:H,'CONSOLIDADO PEAJES'!AC:AC) -> 1
A43: Frt51794 | B43: 1296986 | C43: 015 WYNWOOD 1102 CTG | D43: 1 | E43: 64.733 | F43: -0.89 | H43: 6990.89 | I43: =(G43+H43)/E43 -> 107.99577 | L43: =(J43*O43)-J43 -> 0 | M43: =(J43*O43) -> 0 | N43: 163.15599 | O43: 1 | Q43: =_xlfn.XLOOKUP(A43,'CONSOLIDADO PEAJES'!H:H,'CONSOLIDADO PEAJES'!AC:AC) -> 1
A44: Frt51818 | B44: 1297678 | C44: 016 WYNWOOD 1101 CTG | D44: 1 | E44: 507.474 | F44: -0.88 | H44: 54805.04 | I44: =(G44+H44)/E44 -> 107.99576 | J44: 355.84 | K44: 2.181 | L44: =(J44*O44)-J44 -> 0 | M44: =(J44*O44) -> 355.84 | N44: 163.15599 | O44: 1 | Q44: =_xlfn.XLOOKUP(A44,'CONSOLIDADO PEAJES'!H:H,'CONSOLIDADO PEAJES'!AC:AC) -> 1
A45: Frt51819 | B45: 1296990 | C45: 017 WYNWOOD 701 CTG | D45: 1 | E45: 1004.791 | F45: -2.9 | H45: 108513.16 | I45: =(G45+H45)/E45 -> 107.99575 | J45: 89.74 | K45: 0.55 | L45: =(J45*O45)-J45 -> 0 | M45: =(J45*O45) -> 89.74 | N45: 163.15599 | O45: 1 | Q45: =_xlfn.XLOOKUP(A45,'CONSOLIDADO PEAJES'!H:H,'CONSOLIDADO PEAJES'!AC:AC) -> 1
A46: Frt51820 | B46: 1296994 | C46: 018 WYNWOOD 901 CTG | D46: 1 | E46: 286.035 | F46: -2.05 | H46: 30890.56 | I46: =(G46+H46)/E46 -> 107.99573 | J46: 31.49 | K46: 0.193 | L46: =(J46*O46)-J46 -> 0 | M46: =(J46*O46) -> 31.49 | N46: 163.15599 | O46: 1 | Q46: =_xlfn.XLOOKUP(A46,'CONSOLIDADO PEAJES'!H:H,'CONSOLIDADO PEAJES'!AC:AC) -> 1
A47: Frt51821 | B47: 1296995 | C47: 019 WYNWOOD 1001 CTG | D47: 1 | E47: 546.108 | F47: -4.97 | H47: 58977.34 | I47: =(G47+H47)/E47 -> 107.99574 | J47: 667.63 | K47: 4.092 | L47: =(J47*O47)-J47 -> 0 | M47: =(J47*O47) -> 667.63 | N47: 163.15599 | O47: 1 | Q47: =_xlfn.XLOOKUP(A47,'CONSOLIDADO PEAJES'!H:H,'CONSOLIDADO PEAJES'!AC:AC) -> 1
A48: Frt51822 | B48: 1297930 | C48: 020 WYNWOOD 1002 CTG | D48: 1 | E48: 1753.7 | F48: 2.39 | H48: 189392.15 | I48: =(G48+H48)/E48 -> 107.99575 | J48: 195.46 | K48: 1.198 | L48: =(J48*O48)-J48 -> 0 | M48: =(J48*O48) -> 195.46 | N48: 163.15599 | O48: 1 | Q48: =_xlfn.XLOOKUP(A48,'CONSOLIDADO PEAJES'!H:H,'CONSOLIDADO PEAJES'!AC:AC) -> 1
A49: Frt52723 | B49: 1308499 | C49: 040 BELLATRIX SAN AGUSTIN | D49: 1 | E49: 7779.164 | F49: -0.78 | H49: 1107997.7 | I49: =(G49+H49)/E49 -> 142.43146 | J49: 18913.09 | K49: 95.718 | L49: =(J49*O49)-J49 -> 0 | M49: =(J49*O49) -> 18913.09 | N49: 197.59164 | O49: 1 | Q49: =_xlfn.XLOOKUP(A49,'CONSOLIDADO PEAJES'!H:H,'CONSOLIDADO PEAJES'!AC:AC) -> 0
A50: Frt52796 | B50: 1308503 | C50: 042 EL TEMPLO DE LA MODA FRESCA SAS CL 32 24-38 P 1 LOC 1 | D50: 1 | E50: 14742.199 | F50: -4.84 | H50: 1592094.8 | I50: =(G50+H50)/E50 -> 107.99575 | L50: =(J50*O50)-J50 -> 0 | M50: =(J50*O50) -> 0 | N50: 163.15599 | O50: 1 | Q50: =_xlfn.XLOOKUP(A50,'CONSOLIDADO PEAJES'!H:H,'CONSOLIDADO PEAJES'!AC:AC) -> 1
A51: Frt54098 | B51: 1320950 | C51: 044 ACONDESA MERCAPOLLO VDP | D51: 1 | E51: 4079.043 | F51: 0.8 | H51: 580984.05 | I51: =(G51+H51)/E51 -> 142.43146 | J51: 20155.15 | K51: 102.004 | L51: =(J51*O51)-J51 -> 0 | M51: =(J51*O51) -> 20155.15 | N51: 197.59164 | O51: 1 | Q51: =_xlfn.XLOOKUP(A51,'CONSOLIDADO PEAJES'!H:H,'CONSOLIDADO PEAJES'!AC:AC) -> 0
A52: Frt54099 | B52: 1320917 | C52: 045 ACONDESA MERCAPOLLO SCJ | D52: 1 | E52: 3605.697 | F52: -2.8 | H52: 389399.95 | I52: =(G52+H52)/E52 -> 107.99575 | J52: 23112.85 | K52: 141.661 | L52: =(J52*O52)-J52 -> 0 | M52: =(J52*O52) -> 23112.85 | N52: 163.15599 | O52: 1 | Q52: =_xlfn.XLOOKUP(A52,'CONSOLIDADO PEAJES'!H:H,'CONSOLIDADO PEAJES'!AC:AC) -> 1
A53: Frt54361 | B53: 1320924 | C53: 046 FEMSA - CEDI - COROZAL | D53: 1 | E53: 5094.347 | F53: 4.87 | H53: 725595.28 | I53: =(G53+H53)/E53 -> 142.43146 | J53: 4409.85 | K53: 22.318 | L53: =(J53*O53)-J53 -> 0 | M53: =(J53*O53) -> 4409.85 | N53: 197.59164 | O53: 1 | Q53: =_xlfn.XLOOKUP(A53,'CONSOLIDADO PEAJES'!H:H,'CONSOLIDADO PEAJES'!AC:AC) -> 0
A54: Frt54899 | B54: 1329767 | C54: 047 NOCABO SAS | D54: 1 | E54: 16074.236 | F54: 3.1 | H54: 2289476.9 | I54: =(G54+H54)/E54 -> 142.43146 | L54: =(J54*O54)-J54 -> 0 | M54: =(J54*O54) -> 0 | N54: 197.59164 | O54: 1 | Q54: =_xlfn.XLOOKUP(A54,'CONSOLIDADO PEAJES'!H:H,'CONSOLIDADO PEAJES'!AC:AC) -> 0
A55: Frt56096 | B55: 1335625 | C55: 050 TOWN HOUSE CARTAGENA CARTAGENA1 | D55: 1 | E55: 15832.104 | F55: 0.05 | H55: 1709799.9 | I55: =(G55+H55)/E55 -> 107.99575 | L55: =(J55*O55)-J55 -> 0 | M55: =(J55*O55) -> 0 | N55: 163.15599 | O55: 1 | Q55: =_xlfn.XLOOKUP(A55,'CONSOLIDADO PEAJES'!H:H,'CONSOLIDADO PEAJES'!AC:AC) -> 1
A56: Frt56342 | B56: 1335630 | C56: 051 GIGAZ SAS CR 16 CL 19 - 21 | D56: 1 | E56: 6878.576 | F56: 3.79 | H56: 979725.62 | I56: =(G56+H56)/E56 -> 142.43146 | J56: 0.59 | K56: 0.003 | L56: =(J56*O56)-J56 -> 0 | M56: =(J56*O56) -> 0.59 | N56: 197.59164 | O56: 1 | Q56: =_xlfn.XLOOKUP(A56,'CONSOLIDADO PEAJES'!H:H,'CONSOLIDADO PEAJES'!AC:AC) -> 0
A57: Frt56501 | B57: 1338505 | C57: 052 JUANAUTOS EL CERRO SAS CR 17 29B-89 LOC 3 | D57: 1 | E57: 462.853 | F57: 3.38 | H57: 65924.83 | I57: =(G57+H57)/E57 -> 142.43146 | J57: 1641.79 | K57: 8.309 | L57: =(J57*O57)-J57 -> 0 | M57: =(J57*O57) -> 1641.79 | N57: 197.59164 | O57: 1 | Q57: =_xlfn.XLOOKUP(A57,'CONSOLIDADO PEAJES'!H:H,'CONSOLIDADO PEAJES'!AC:AC) -> 0
A58: Frt56522 | B58: 1338511 | C58: 053 JUANAUTOS EL CERRO SAS CR 71 26-236 BLOQ 2 P1 LOC 19 | D58: 1 | E58: 767.58 | F58: -1.38 | H58: 82895.38 | I58: =(G58+H58)/E58 -> 107.99575 | J58: 186 | K58: 1.14 | L58: =(J58*O58)-J58 -> 0 | M58: =(J58*O58) -> 186 | N58: 163.15599 | O58: 1 | Q58: =_xlfn.XLOOKUP(A58,'CONSOLIDADO PEAJES'!H:H,'CONSOLIDADO PEAJES'!AC:AC) -> 1
A59: Frt56570 | B59: 1340622 | C59: 056 JUANAUTOS EL CERRO SAS CR 71 26-236 BLOQ 2 P1 LOC 18 | D59: 1 | E59: 1632.617 | F59: -0.38 | H59: 176315.7 | I59: =(G59+H59)/E59 -> 107.99575 | J59: 14.68 | K59: 0.09 | L59: =(J59*O59)-J59 -> 0 | M59: =(J59*O59) -> 14.68 | N59: 163.15599 | O59: 1 | Q59: =_xlfn.XLOOKUP(A59,'CONSOLIDADO PEAJES'!H:H,'CONSOLIDADO PEAJES'!AC:AC) -> 1
A60: Frt56581 | B60: 1338515 | C60: 054 ASHA CR 22 28-7 P 1 APTO 02 | D60: 1 | E60: 7384.361 | F60: 1.76 | H60: 797479.6 | I60: =(G60+H60)/E60 -> 107.99575 | J60: 64678.64 | K60: 396.422 | L60: =(J60*O60)-J60 -> 0 | M60: =(J60*O60) -> 64678.64 | N60: 163.15599 | O60: 1 | Q60: =_xlfn.XLOOKUP(A60,'CONSOLIDADO PEAJES'!H:H,'CONSOLIDADO PEAJES'!AC:AC) -> 1
A61: Frt56814 | B61: 1340623 | C61: 057 REPOSTERIA ELY SAS CL 7 CR 2-50 P 1 LOC 3 | D61: 1 | E61: 11052.639 | F61: -3.12 | H61: 1193638 | I61: =(G61+H61)/E61 -> 107.99575 | J61: 46835.08 | K61: 287.057 | L61: =(J61*O61)-J61 -> 0 | M61: =(J61*O61) -> 46835.08 | N61: 163.15599 | O61: 1 | Q61: =_xlfn.XLOOKUP(A61,'CONSOLIDADO PEAJES'!H:H,'CONSOLIDADO PEAJES'!AC:AC) -> 1
A62: Frt56871 | B62: 1340625 | C62: 059 REPOSTERIA ELY SAS CL 7 CR 2-50 SEGE 0 | D62: 1 | E62: 12408.992 | F62: -4.72 | H62: 1340118.4 | I62: =(G62+H62)/E62 -> 107.99575 | J62: 19876.32 | K62: 121.824 | L62: =(J62*O62)-J62 -> 0 | M62: =(J62*O62) -> 19876.32 | N62: 163.15599 | O62: 1 | Q62: =_xlfn.XLOOKUP(A62,'CONSOLIDADO PEAJES'!H:H,'CONSOLIDADO PEAJES'!AC:AC) -> 1
A63: Frt56905 | B63: 1340426 | C63: 061 CLASSIC JEANS SHOPS S.A.S. CR 20 CL 21-59 | D63: 1 | E63: 3561.857 | F63: -0.49 | H63: 507320.49 | I63: =(G63+H63)/E63 -> 142.43146 | L63: =(J63*O63)-J63 -> 0 | M63: =(J63*O63) -> 0 | N63: 197.59164 | O63: 1 | Q63: =_xlfn.XLOOKUP(A63,'CONSOLIDADO PEAJES'!H:H,'CONSOLIDADO PEAJES'!AC:AC) -> 0
A64: Frt57208 | B64: 1340971 | C64: 067 CLASSIC JEANS SHOPS S.A.S. | D64: 1 | E64: 2890.408 | F64: 3.2 | H64: 411685.03 | I64: =(G64+H64)/E64 -> 142.43146 | J64: 51.77 | K64: 0.262 | L64: =(J64*O64)-J64 -> 0 | M64: =(J64*O64) -> 51.77 | N64: 197.59164 | O64: 1 | Q64: =_xlfn.XLOOKUP(A64,'CONSOLIDADO PEAJES'!H:H,'CONSOLIDADO PEAJES'!AC:AC) -> 0
A65: Frt57209 | B65: 1340634 | C65: 062 REPOSTERIA ELY SAS CL 31 CR 58-118 P 1 LOC 67 | D65: 1 | E65: 1220.367 | F65: -0.93 | H65: 131794.45 | I65: =(G65+H65)/E65 -> 107.99575 | J65: 2696.48 | K65: 16.527 | L65: =(J65*O65)-J65 -> 0 | M65: =(J65*O65) -> 2696.48 | N65: 163.15599 | O65: 1 | Q65: =_xlfn.XLOOKUP(A65,'CONSOLIDADO PEAJES'!H:H,'CONSOLIDADO PEAJES'!AC:AC) -> 1
A66: Frt57210 | B66: 1340403 | C66: 063 CLASSIC JEANS SHOPS S.A.S. CR 2 31-12 | D66: 1 | E66: 2087.665 | F66: 0.83 | H66: 297349.17 | I66: =(G66+H66)/E66 -> 142.43146 | L66: =(J66*O66)-J66 -> 0 | M66: =(J66*O66) -> 0 | N66: 197.59164 | O66: 1 | Q66: =_xlfn.XLOOKUP(A66,'CONSOLIDADO PEAJES'!H:H,'CONSOLIDADO PEAJES'!AC:AC) -> 0
A67: Frt57211 | B67: 1340677 | C67: 064 REPOSTERIA ELY SAS CL 31 64-100 P 1 LOC 63 | D67: 1 | E67: 2196.926 | F67: 0.12 | H67: 237258.67 | I67: =(G67+H67)/E67 -> 107.99575 | J67: 10021.21 | K67: 61.421 | L67: =(J67*O67)-J67 -> 0 | M67: =(J67*O67) -> 10021.21 | N67: 163.15599 | O67: 1 | Q67: =_xlfn.XLOOKUP(A67,'CONSOLIDADO PEAJES'!H:H,'CONSOLIDADO PEAJES'!AC:AC) -> 1
A68: Frt57237 | B68: 1340678 | C68: 065 CLASSIC JEANS SHOPS S.A.S. CL 31 64-100 P 1 LOC 83 | D68: 1 | E68: 4963.793 | F68: 0.24 | H68: 536068.55 | I68: =(G68+H68)/E68 -> 107.99575 | J68: 21.21 | K68: 0.13 | L68: =(J68*O68)-J68 -> 0 | M68: =(J68*O68) -> 21.21 | N68: 163.15599 | O68: 1 | Q68: =_xlfn.XLOOKUP(A68,'CONSOLIDADO PEAJES'!H:H,'CONSOLIDADO PEAJES'!AC:AC) -> 1
A69: Frt57280 | B69: 1340674 | C69: 066 REPOSTERIA ELY SAS CL 7 CR 2-50 P 1 LOC 2 | D69: 1 | E69: 5109.841 | F69: 3.79 | H69: 551841.11 | I69: =(G69+H69)/E69 -> 107.99575 | J69: 29445.1 | K69: 180.472 | L69: =(J69*O69)-J69 -> 0 | M69: =(J69*O69) -> 29445.1 | N69: 163.15599 | O69: 1 | Q69: =_xlfn.XLOOKUP(A69,'CONSOLIDADO PEAJES'!H:H,'CONSOLIDADO PEAJES'!AC:AC) -> 1
A70: Frt57304 | B70: 1342232 | C70: 068 PAN KING TURBACO- JAIME GIRALDO SECTOR 1 MZ A-111 LOC 1 | D70: 1 | E70: 3914.836 | F70: 0.79 | H70: 422785.65 | I70: =(G70+H70)/E70 -> 107.99575 | J70: 12483.56 | K70: 76.513 | L70: =(J70*O70)-J70 -> 0 | M70: =(J70*O70) -> 12483.56 | N70: 163.15599 | O70: 1 | Q70: =_xlfn.XLOOKUP(A70,'CONSOLIDADO PEAJES'!H:H,'CONSOLIDADO PEAJES'!AC:AC) -> 1
A71: Frt57337 | B71: 1342235 | C71: 069 GIGAZ SAS CR 15 21-94 P1 APT3 | D71: 1 | E71: 3294.544 | F71: 3.29 | H71: 469246.71 | I71: =(G71+H71)/E71 -> 142.43146 | L71: =(J71*O71)-J71 -> 0 | M71: =(J71*O71) -> 0 | N71: 197.59164 | O71: 1 | Q71: =_xlfn.XLOOKUP(A71,'CONSOLIDADO PEAJES'!H:H,'CONSOLIDADO PEAJES'!AC:AC) -> 0
A72: Frt57338 | B72: 1342238 | C72: 070 HM ENTERPRISES S.A.S. SECTOR URB BARU MZA-1 LA CONCEPCION | D72: 1 | E72: 5628.434 | F72: 4.16 | H72: 801666.07 | I72: =(G72+H72)/E72 -> 142.43146 | J72: 379.77 | K72: 1.922 | L72: =(J72*O72)-J72 -> 0 | M72: =(J72*O72) -> 379.77 | N72: 197.59164 | O72: 1 | Q72: =_xlfn.XLOOKUP(A72,'CONSOLIDADO PEAJES'!H:H,'CONSOLIDADO PEAJES'!AC:AC) -> 0
A73: Frt57339 | B73: 1342242 | C73: 071 HM ENTERPRISES S.A.S. SECTOR URB BARU MZ E-5 P 1 LOC 1 LA CONCEPCION | D73: 1 | E73: 4229.471 | F73: 4.09 | H73: 602409.73 | I73: =(G73+H73)/E73 -> 142.43146 | J73: 115246.18 | K73: 583.254 | L73: =(J73*O73)-J73 -> 0 | M73: =(J73*O73) -> 115246.18 | N73: 197.59164 | O73: 1 | Q73: =_xlfn.XLOOKUP(A73,'CONSOLIDADO PEAJES'!H:H,'CONSOLIDADO PEAJES'!AC:AC) -> 0
A74: Frt57340 | B74: 1342245 | C74: 072 OPORTUNIDAD DE FEDELSA HOSTELS GROUP S.A.S CL 26 25-95 | D74: 1 | E74: 3278.461 | F74: 0.92 | H74: 466955.99 | I74: =(G74+H74)/E74 -> 142.43146 | J74: 173.09 | K74: 0.876 | L74: =(J74*O74)-J74 -> 0 | M74: =(J74*O74) -> 173.09 | N74: 197.59164 | O74: 1 | Q74: =_xlfn.XLOOKUP(A74,'CONSOLIDADO PEAJES'!H:H,'CONSOLIDADO PEAJES'!AC:AC) -> 0
A75: Frt57348 | B75: 1342257 | C75: 073 BESPOKE COLOMBIA SAS CL 28 10B-56 | D75: 1 | E75: 1993.213 | F75: 0.42 | H75: 283896.24 | I75: =(G75+H75)/E75 -> 142.43146 | J75: 103.34 | K75: 0.523 | L75: =(J75*O75)-J75 -> 0 | M75: =(J75*O75) -> 103.34 | N75: 197.59164 | O75: 1 | Q75: =_xlfn.XLOOKUP(A75,'CONSOLIDADO PEAJES'!H:H,'CONSOLIDADO PEAJES'!AC:AC) -> 0
A76: Frt57404 | B76: 1345468 | C76: 074 KARINA CR 9A 22-666 P 2 APTO 23 | D76: 1 | E76: 971.895 | F76: -2.66 | H76: 104960.53 | I76: =(G76+H76)/E76 -> 107.99575 | J76: 5292.13 | K76: 32.436 | L76: =(J76*O76)-J76 -> 0 | M76: =(J76*O76) -> 5292.13 | N76: 163.15599 | O76: 1 | Q76: =_xlfn.XLOOKUP(A76,'CONSOLIDADO PEAJES'!H:H,'CONSOLIDADO PEAJES'!AC:AC) -> 1
A77: Frt57768 | B77: 1345472 | C77: 075 REPOSTERIA ELY SAS CL 7 CR 2-50 P 1 LOC 6 | D77: 1 | E77: 2152.326 | F77: -2.06 | H77: 232442.06 | I77: =(G77+H77)/E77 -> 107.99575 | L77: =(J77*O77)-J77 -> 0 | M77: =(J77*O77) -> 0 | N77: 163.15599 | O77: 1 | Q77: =_xlfn.XLOOKUP(A77,'CONSOLIDADO PEAJES'!H:H,'CONSOLIDADO PEAJES'!AC:AC) -> 1
A78: Frt57786 | B78: 1345486 | C78: 076 JUANAUTOS EL CERRO SAS CL 29B 18A-209 | D78: 1 | E78: 7012.638 | F78: 0.08 | H78: 757335.1 | I78: =(G78+H78)/E78 -> 107.99575 | J78: 0 | K78: 2380.205 | L78: =(J78*O78)-J78 -> 0 | M78: =(J78*O78) -> 0 | N78: 163.15599 | O78: 1 | P78: AGPE | Q78: =_xlfn.XLOOKUP(A78,'CONSOLIDADO PEAJES'!H:H,'CONSOLIDADO PEAJES'!AC:AC) -> 1
A79: Frt57787 | B79: 1345488 | C79: 077 RESTAURANTE EUREKA | D79: 1 | E79: 6319.323 | F79: -0.59 | H79: 900070.4 | I79: =(G79+H79)/E79 -> 142.43146 | J79: 18150.19 | K79: 91.857 | L79: =(J79*O79)-J79 -> 0 | M79: =(J79*O79) -> 18150.19 | N79: 197.59164 | O79: 1 | Q79: =_xlfn.XLOOKUP(A79,'CONSOLIDADO PEAJES'!H:H,'CONSOLIDADO PEAJES'!AC:AC) -> 0
A80: Frt57958 | B80: 1344279 | C80: 078 AVIPOULET DE LA COSTA CR 15 20B-41 P 1 LOC 161 | D80: 1 | E80: 3903.951 | F80: -0.09 | H80: 556045.44 | I80: =(G80+H80)/E80 -> 142.43146 | J80: 32864.65 | K80: 166.326 | L80: =(J80*O80)-J80 -> 0 | M80: =(J80*O80) -> 32864.65 | N80: 197.59164 | O80: 1 | Q80: =_xlfn.XLOOKUP(A80,'CONSOLIDADO PEAJES'!H:H,'CONSOLIDADO PEAJES'!AC:AC) -> 0
A81: Frt58721 | B81: 1353805 | C81: 081 DE MODA SAS CL 22 20-82 BR LAS ANGUSTIAS | D81: 1 | E81: 2441.486 | F81: -4.42 | H81: 347744.42 | I81: =(G81+H81)/E81 -> 142.43146 | L81: =(J81*O81)-J81 -> 0 | M81: =(J81*O81) -> 0 | N81: 197.59164 | O81: 1 | Q81: =_xlfn.XLOOKUP(A81,'CONSOLIDADO PEAJES'!H:H,'CONSOLIDADO PEAJES'!AC:AC) -> 0
A82: Frt58723 | B82: 1354726 | C82: 082 COPSERVIR LTDA CR 15 10-15 P 1 APTO 1 | D82: 1 | E82: 3461.501 | F82: -4.85 | H82: 493026.64 | I82: =(G82+H82)/E82 -> 142.43146 | J82: 688.21 | K82: 3.483 | L82: =(J82*O82)-J82 -> 0 | M82: =(J82*O82) -> 688.21 | N82: 197.59164 | O82: 1 | Q82: =_xlfn.XLOOKUP(A82,'CONSOLIDADO PEAJES'!H:H,'CONSOLIDADO PEAJES'!AC:AC) -> 0
A83: Frt58724 | B83: 1354727 | C83: 083 COPSERVIR LTDA CL 30 66-46 P 1 LOC 01 | D83: 1 | E83: 4021.343 | F83: -2.64 | H83: 434287.95 | I83: =(G83+H83)/E83 -> 107.99575 | J83: 494.69 | K83: 3.032 | L83: =(J83*O83)-J83 -> 0 | M83: =(J83*O83) -> 494.69 | N83: 163.15599 | O83: 1 | Q83: =_xlfn.XLOOKUP(A83,'CONSOLIDADO PEAJES'!H:H,'CONSOLIDADO PEAJES'!AC:AC) -> 1
A84: Frt58725 | B84: 1353820 | C84: 080 COPSERVIR LTDA CR 19 7-14 | D84: 1 | E84: 4636.764 | F84: -0.83 | H84: 500750.81 | I84: =(G84+H84)/E84 -> 107.99575 | J84: 30.02 | K84: 0.184 | L84: =(J84*O84)-J84 -> 0 | M84: =(J84*O84) -> 30.02 | N84: 163.15599 | O84: 1 | Q84: =_xlfn.XLOOKUP(A84,'CONSOLIDADO PEAJES'!H:H,'CONSOLIDADO PEAJES'!AC:AC) -> 1
A85: Frt58726 | B85: 1354728 | C85: 084 COPSERVIR LTDA CL VICENTE GARCIA 6-37 P 1 LOC 2 | D85: 1 | E85: 6102.018 | F85: 4.15 | H85: 869119.33 | I85: =(G85+H85)/E85 -> 142.43146 | J85: 646.52 | K85: 3.272 | L85: =(J85*O85)-J85 -> 0 | M85: =(J85*O85) -> 646.52 | N85: 197.59164 | O85: 1 | Q85: =_xlfn.XLOOKUP(A85,'CONSOLIDADO PEAJES'!H:H,'CONSOLIDADO PEAJES'!AC:AC) -> 0
A86: Frt58766 | B86: 1354729 | C86: 085 COPSERVIR LTDA CR 50 29E-26 P 1 LOC 2 | D86: 1 | E86: 4332.457 | F86: -4.3 | H86: 617078.18 | I86: =(G86+H86)/E86 -> 142.43146 | J86: 56.12 | K86: 0.284 | L86: =(J86*O86)-J86 -> 0 | M86: =(J86*O86) -> 56.12 | N86: 197.59164 | O86: 1 | Q86: =_xlfn.XLOOKUP(A86,'CONSOLIDADO PEAJES'!H:H,'CONSOLIDADO PEAJES'!AC:AC) -> 0
A87: Frt58777 | B87: 1354503 | C87: 086 COPSERVIR LTDA CR 25 14-32 | D87: 1 | E87: 3283.654 | F87: 4.37 | H87: 467695.63 | I87: =(G87+H87)/E87 -> 142.43146 | L87: =(J87*O87)-J87 -> 0 | M87: =(J87*O87) -> 0 | N87: 197.59164 | O87: 1 | Q87: =_xlfn.XLOOKUP(A87,'CONSOLIDADO PEAJES'!H:H,'CONSOLIDADO PEAJES'!AC:AC) -> 0
A88: Frt58778 | B88: 1353810 | C88: 087 COPSERVIR LTDA CL 28 16A-20 APTO 01 | D88: 1 | E88: 3727.336 | F88: -4.09 | H88: 530889.91 | I88: =(G88+H88)/E88 -> 142.43146 | J88: 2184.18 | K88: 11.054 | L88: =(J88*O88)-J88 -> 0 | M88: =(J88*O88) -> 2184.18 | N88: 197.59164 | O88: 1 | Q88: =_xlfn.XLOOKUP(A88,'CONSOLIDADO PEAJES'!H:H,'CONSOLIDADO PEAJES'!AC:AC) -> 0
A89: Frt58779 | B89: 1354731 | C89: 088 COPSERVIR LTDA CR 3 5A-16 P 1 LOC 1 | D89: 1 | E89: 7043.437 | F89: 2.37 | H89: 760661.26 | I89: =(G89+H89)/E89 -> 107.99575 | J89: 20656.37 | K89: 126.605 | L89: =(J89*O89)-J89 -> 0 | M89: =(J89*O89) -> 20656.37 | N89: 163.15599 | O89: 1 | Q89: =_xlfn.XLOOKUP(A89,'CONSOLIDADO PEAJES'!H:H,'CONSOLIDADO PEAJES'!AC:AC) -> 1
A90: Frt58780 | B90: 1354506 | C90: 089 COPSERVIR LTDA CR 14 41-24 LOC 1 | D90: 1 | E90: 4787.312 | F90: 0.2 | H90: 681863.84 | I90: =(G90+H90)/E90 -> 142.43146 | J90: 265.96 | K90: 1.346 | L90: =(J90*O90)-J90 -> 0 | M90: =(J90*O90) -> 265.96 | N90: 197.59164 | O90: 1 | Q90: =_xlfn.XLOOKUP(A90,'CONSOLIDADO PEAJES'!H:H,'CONSOLIDADO PEAJES'!AC:AC) -> 0
A91: Frt58782 | B91: 1354732 | C91: 090 COPSERVIR LTDA CL 29D 20A-101 P 1 LOC 2 | D91: 1 | E91: 4114.257 | F91: -4.5 | H91: 444322.27 | I91: =(G91+H91)/E91 -> 107.99575 | J91: 9222.23 | K91: 56.524 | L91: =(J91*O91)-J91 -> 0 | M91: =(J91*O91) -> 9222.23 | N91: 163.15599 | O91: 1 | Q91: =_xlfn.XLOOKUP(A91,'CONSOLIDADO PEAJES'!H:H,'CONSOLIDADO PEAJES'!AC:AC) -> 1
A92: Frt58783 | B92: 1354733 | C92: 091 COPSERVIR LTDA AV TERM DE TRANSP 54-70 P 1 LOC 6 SECTOR DONA MANUELA | D92: 1 | E92: 4050.655 | F92: 1.79 | H92: 437453.52 | I92: =(G92+H92)/E92 -> 107.99575 | J92: 184.69 | K92: 1.132 | L92: =(J92*O92)-J92 -> 0 | M92: =(J92*O92) -> 184.69 | N92: 163.15599 | O92: 1 | Q92: =_xlfn.XLOOKUP(A92,'CONSOLIDADO PEAJES'!H:H,'CONSOLIDADO PEAJES'!AC:AC) -> 1
A93: Frt58801 | B93: 1353816 | C93: 092 COPSERVIR LTDA CL 25 25-221 LOC 02 | D93: 1 | E93: 3593.781 | F93: -3.1 | H93: 388113.07 | I93: =(G93+H93)/E93 -> 107.99575 | J93: 750.03 | K93: 4.597 | L93: =(J93*O93)-J93 -> 0 | M93: =(J93*O93) -> 750.03 | N93: 163.15599 | O93: 1 | Q93: =_xlfn.XLOOKUP(A93,'CONSOLIDADO PEAJES'!H:H,'CONSOLIDADO PEAJES'!AC:AC) -> 1
A94: Frt58803 | B94: 1354508 | C94: 093 COPSERVIR LTDA CL 13 7-84 | D94: 1 | E94: 3142.597 | F94: -0.13 | H94: 447604.68 | I94: =(G94+H94)/E94 -> 142.43146 | J94: 2375.45 | K94: 12.022 | L94: =(J94*O94)-J94 -> 0 | M94: =(J94*O94) -> 2375.45 | N94: 197.59164 | O94: 1 | Q94: =_xlfn.XLOOKUP(A94,'CONSOLIDADO PEAJES'!H:H,'CONSOLIDADO PEAJES'!AC:AC) -> 0
A95: Frt58805 | B95: 1354734 | C95: 094 COPSERVIR LTDA CL 47 3-620 LOC 2 | D95: 1 | E95: 5334.716 | F95: -1.39 | H95: 759831.39 | I95: =(G95+H95)/E95 -> 142.43146 | L95: =(J95*O95)-J95 -> 0 | M95: =(J95*O95) -> 0 | N95: 197.59164 | O95: 1 | Q95: =_xlfn.XLOOKUP(A95,'CONSOLIDADO PEAJES'!H:H,'CONSOLIDADO PEAJES'!AC:AC) -> 0
A96: Frt58810 | B96: 1353827 | C96: 095 COPSERVIR LTDA CL 17 CR 16-9 LOC 8 | D96: 1 | E96: 3093.515 | F96: -0.68 | H96: 440613.86 | I96: =(G96+H96)/E96 -> 142.43146 | J96: 9876.82 | K96: 49.986 | L96: =(J96*O96)-J96 -> 0 | M96: =(J96*O96) -> 9876.82 | N96: 197.59164 | O96: 1 | Q96: =_xlfn.XLOOKUP(A96,'CONSOLIDADO PEAJES'!H:H,'CONSOLIDADO PEAJES'!AC:AC) -> 0
A97: Frt58818 | B97: 1353830 | C97: 096 COPSERVIR LTDA CL 1 CR 25-85 LOC 10 | D97: 1 | E97: 2854.337 | F97: -1.6 | H97: 406547.39 | I97: =(G97+H97)/E97 -> 142.43146 | J97: 17524.21 | K97: 88.689 | L97: =(J97*O97)-J97 -> 0 | M97: =(J97*O97) -> 17524.21 | N97: 197.59164 | O97: 1 | Q97: =_xlfn.XLOOKUP(A97,'CONSOLIDADO PEAJES'!H:H,'CONSOLIDADO PEAJES'!AC:AC) -> 0
A98: Frt58819 | B98: 1354511 | C98: 097 COPSERVIR LTDA CL 14 14A-24 LOC 1 | D98: 1 | E98: 3441.125 | F98: -0.57 | H98: 490124.46 | I98: =(G98+H98)/E98 -> 142.43146 | J98: 2026.11 | K98: 10.254 | L98: =(J98*O98)-J98 -> 0 | M98: =(J98*O98) -> 2026.11 | N98: 197.59164 | O98: 1 | Q98: =_xlfn.XLOOKUP(A98,'CONSOLIDADO PEAJES'!H:H,'CONSOLIDADO PEAJES'!AC:AC) -> 0
A99: Frt58820 | B99: 1354736 | C99: 098 COPSERVIR LTDA CR 1 10-130 P 1 LOC 1 | D99: 1 | E99: 5201.188 | F99: -1.32 | H99: 561706.2 | I99: =(G99+H99)/E99 -> 107.99575 | J99: 9545.12 | K99: 58.503 | L99: =(J99*O99)-J99 -> 0 | M99: =(J99*O99) -> 9545.12 | N99: 163.15599 | O99: 1 | Q99: =_xlfn.XLOOKUP(A99,'CONSOLIDADO PEAJES'!H:H,'CONSOLIDADO PEAJES'!AC:AC) -> 1
A100: Frt58821 | B100: 1353834 | C100: 099 COPSERVIR LTDA CL 16 CR 2-33 | D100: 1 | E100: 3694.015 | F100: 2.49 | H100: 526143.95 | I100: =(G100+H100)/E100 -> 142.43146 | J100: 21483.56 | K100: 108.727 | L100: =(J100*O100)-J100 -> 0 | M100: =(J100*O100) -> 21483.56 | N100: 197.59164 | O100: 1 | Q100: =_xlfn.XLOOKUP(A100,'CONSOLIDADO PEAJES'!H:H,'CONSOLIDADO PEAJES'!AC:AC) -> 0
...

Sheet CONSOLIDADO PEAJES
A1: TIPO MERCADO | B1: NIC | C1: LIQ_NUM_FACTURA | D1: LIQ_NUM_FACTURA_OTROS | E1: LIQUIDACION | F1: NIT | G1: CODIGO | H1: SIC | I1: SUMI_COD_FENIX | J1: DES_CLIENTE | K1: CLAS_DESCRIP | L1: DES_CONCEPTOS | M1: PUNTA | N1: TIPO_SERVICIO | O1: VALOR | P1: CONSUMO | Q1: LIQ_FECHA | R1: LIQ_FECHA_INICIO | S1: LIQ_FECHA_FIN | T1: LIQ_FECHA_VENCIMIENTO | U1: LIQ_FECHA_VEN_OTROS | V1: NIVEL TENSION | W1: COMERCIALIZADOR | X1: CONT_NUMERO | Y1: CIUDAD | Z1: EJECUTIVO | AA1: COD_SUI | AB1: COD_NIU | AC1: PROPIEDAD_ACTIVOS | AD1: AGPE
A2: NO REGULADO | B2: 1333414 | D2: NH | E2: 941507 | F2: 9015884123 | G2: 48 | H2: Frt28526 | I2: 0 | J2: 048 EURO SUPERMERCADO - INVERSIONES EURO SA - MONTERIA | K2: PEAJE NO REGULADO | L2: CONSUMO BASE | M2: NORMAL | N2: SV120 | O2: 0 | P2: 59416.188 | Q2: 46031 | R2: 45992 | S2: 46022 | V2: 2 | W2: BIA ENERGY S.A.S. E.S.P | X2: BIA 48 | Y2: MONTERIA | Z2: INJERMAN GARCIA | AA2: 62371 | AB2: 21107168 | AC2: 1
A3: NO REGULADO | B3: 1405491 | D3: NH | E3: 941518 | F3: 9015884123 | G3: 305 | H3: Frt45137 | I3: 0 | J3: 305 PAISAR SAS | K3: PEAJE NO REGULADO | L3: Aproximacion a decenas Energia | M3: NORMAL | N3: SV120 | O3: 0.58 | P3: 0 | Q3: 46031 | R3: 45992 | S3: 46022 | V3: 2 | W3: BIA ENERGY S.A.S. E.S.P | X3: BIA 305 | Y3: CARTAGENA | Z3: INJERMAN GARCIA | AA3: 62371 | AB3: 19397544 | AC3: 1
A4: NO REGULADO | B4: 1333414 | D4: NH | E4: 941507 | F4: 9015884123 | G4: 48 | H4: Frt28526 | I4: 0 | J4: 048 EURO SUPERMERCADO - INVERSIONES EURO SA - MONTERIA | K4: PEAJE NO REGULADO | L4: PEN. ENERGIA REACTIVA PEAJES | M4: MEDIA | N4: SV120 | O4: 40237.69 | P4: 316.14 | Q4: 46031 | R4: 45992 | S4: 46022 | V4: 2 | W4: BIA ENERGY S.A.S. E.S.P | X4: BIA 48 | Y4: MONTERIA | Z4: INJERMAN GARCIA | AA4: 62371 | AB4: 21107168 | AC4: 1
A5: NO REGULADO | B5: 1333428 | D5: NH | E5: 941510 | F5: 9015884123 | G5: 49 | H5: Frt29125 | I5: 0 | J5: 049 INVERSIONES EURO SA LO NUESTRO MONTERIA | K5: PEAJE NO REGULADO | L5: PEAJES REGIONALES NO REGULADOS OTRO | M5: MAXIMA | N5: SV120 | O5: 507696.9 | P5: 6179.06 | Q5: 46031 | R5: 45992 | S5: 46022 | V5: 2 | W5: BIA ENERGY S.A.S. E.S.P | X5: BIA 49 | Y5: MONTERIA | Z5: INJERMAN GARCIA | AA5: 62371 | AB5: 21139379 | AC5: 1
A6: NO REGULADO | B6: 1333428 | D6: NH | E6: 941510 | F6: 9015884123 | G6: 49 | H6: Frt29125 | I6: 0 | J6: 049 INVERSIONES EURO SA LO NUESTRO MONTERIA | K6: PEAJE NO REGULADO | L6: CONSUMO BASE | M6: NORMAL | N6: SV120 | O6: 0 | P6: 48440.694 | Q6: 46031 | R6: 45992 | S6: 46022 | V6: 2 | W6: BIA ENERGY S.A.S. E.S.P | X6: BIA 49 | Y6: MONTERIA | Z6: INJERMAN GARCIA | AA6: 62371 | AB6: 21139379 | AC6: 1
A7: NO REGULADO | B7: 1341490 | D7: NH | E7: 941513 | F7: 9015884123 | G7: 79 | H7: Frt40029 | I7: 0 | J7: 079 SITES GROUP S.A.S. - HOTEL SITES RECREO | K7: PEAJE NO REGULADO | L7: Aproximacion a decenas Energia | M7: NORMAL | N7: SV120 | O7: -4.33 | P7: 0 | Q7: 46031 | R7: 45992 | S7: 46022 | V7: 2 | W7: BIA ENERGY S.A.S. E.S.P | X7: BIA 79 | Y7: MONTERIA | Z7: INJERMAN GARCIA | AA7: 62371 | AB7: 21135098 | AC7: 0 | AD7: AGPE
A8: NO REGULADO | B8: 1341490 | D8: NH | E8: 941513 | F8: 9015884123 | G8: 79 | H8: Frt40029 | I8: 0 | J8: 079 SITES GROUP S.A.S. - HOTEL SITES RECREO | K8: PEAJE NO REGULADO | L8: PEAJES REGIONALES NO REGULADOS OTRO | M8: MEDIA | N8: SV120 | O8: 3452796.1 | P8: 42023.172 | Q8: 46031 | R8: 45992 | S8: 46022 | V8: 2 | W8: BIA ENERGY S.A.S. E.S.P | X8: BIA 79 | Y8: MONTERIA | Z8: INJERMAN GARCIA | AA8: 62371 | AB8: 21135098 | AC8: 0 | AD8: AGPE
A9: NO REGULADO | B9: 1341490 | D9: NH | E9: 941513 | F9: 9015884123 | G9: 79 | H9: Frt40029 | I9: 0 | J9: 079 SITES GROUP S.A.S. - HOTEL SITES RECREO | K9: PEAJE NO REGULADO | L9: PEAJES REGIONALES NO REGULADOS OTRO | M9: MAXIMA | N9: SV120 | O9: 587808.22 | P9: 7154.076 | Q9: 46031 | R9: 45992 | S9: 46022 | V9: 2 | W9: BIA ENERGY S.A.S. E.S.P | X9: BIA 79 | Y9: MONTERIA | Z9: INJERMAN GARCIA | AA9: 62371 | AB9: 21135098 | AC9: 0 | AD9: AGPE
A10: NO REGULADO | B10: 1333414 | D10: NH | E10: 941507 | F10: 9015884123 | G10: 48 | H10: Frt28526 | I10: 0 | J10: 048 EURO SUPERMERCADO - INVERSIONES EURO SA - MONTERIA | K10: PEAJE NO REGULADO | L10: PEAJES REGIONALES NO REGULADOS OTRO | M10: MEDIA | N10: SV120 | O10: 4290296.7 | P10: 52216.195 | Q10: 46031 | R10: 45992 | S10: 46022 | V10: 2 | W10: BIA ENERGY S.A.S. E.S.P | X10: BIA 48 | Y10: MONTERIA | Z10: INJERMAN GARCIA | AA10: 62371 | AB10: 21107168 | AC10: 1
A11: NO REGULADO | B11: 1395792 | D11: NH | E11: 941515 | F11: 9015884123 | G11: 242 | H11: Frt66036 | I11: 0 | J11: 242 CENTRO PORTAL DE SAN FELIPE CL 30 17-140 OFI 1 PIE DE LA POPA | K11: PEAJE NO REGULADO | L11: Aproximacion a decenas Energia | M11: NORMAL | N11: SV120 | O11: -1.36 | P11: 0 | Q11: 46031 | R11: 45992 | S11: 46022 | V11: 1 | W11: BIA ENERGY S.A.S. E.S.P | X11: BIA 242 | Y11: CARTAGENA | Z11: INJERMAN GARCIA | AA11: 62371 | AB11: 17053469 | AC11: 1
A12: NO REGULADO | B12: 1333428 | D12: NH | E12: 941510 | F12: 9015884123 | G12: 49 | H12: Frt29125 | I12: 0 | J12: 049 INVERSIONES EURO SA LO NUESTRO MONTERIA | K12: PEAJE NO REGULADO | L12: Aproximacion a decenas Energia | M12: NORMAL | N12: SV120 | O12: -1.92 | P12: 0 | Q12: 46031 | R12: 45992 | S12: 46022 | V12: 2 | W12: BIA ENERGY S.A.S. E.S.P | X12: BIA 49 | Y12: MONTERIA | Z12: INJERMAN GARCIA | AA12: 62371 | AB12: 21139379 | AC12: 1
A13: NO REGULADO | B13: 1333428 | D13: NH | E13: 941510 | F13: 9015884123 | G13: 49 | H13: Frt29125 | I13: 0 | J13: 049 INVERSIONES EURO SA LO NUESTRO MONTERIA | K13: PEAJE NO REGULADO | L13: PEN. ENERGIA REACTIVA PEAJES | M13: MAXIMA | N13: SV120 | O13: 49416.47 | P13: 388.256 | Q13: 46031 | R13: 45992 | S13: 46022 | V13: 2 | W13: BIA ENERGY S.A.S. E.S.P | X13: BIA 49 | Y13: MONTERIA | Z13: INJERMAN GARCIA | AA13: 62371 | AB13: 21139379 | AC13: 1
A14: NO REGULADO | B14: 1333414 | D14: NH | E14: 941507 | F14: 9015884123 | G14: 48 | H14: Frt28526 | I14: 0 | J14: 048 EURO SUPERMERCADO - INVERSIONES EURO SA - MONTERIA | K14: PEAJE NO REGULADO | L14: Aproximacion a decenas Energia | M14: NORMAL | N14: SV120 | O14: -1.65 | P14: 0 | Q14: 46031 | R14: 45992 | S14: 46022 | V14: 2 | W14: BIA ENERGY S.A.S. E.S.P | X14: BIA 48 | Y14: MONTERIA | Z14: INJERMAN GARCIA | AA14: 62371 | AB14: 21107168 | AC14: 1
A15: NO REGULADO | B15: 1333414 | D15: NH | E15: 941507 | F15: 9015884123 | G15: 48 | H15: Frt28526 | I15: 0 | J15: 048 EURO SUPERMERCADO - INVERSIONES EURO SA - MONTERIA | K15: PEAJE NO REGULADO | L15: PEN. ENERGIA REACTIVA PEAJES | M15: MAXIMA | N15: SV120 | O15: 8316.35 | P15: 65.34 | Q15: 46031 | R15: 45992 | S15: 46022 | V15: 2 | W15: BIA ENERGY S.A.S. E.S.P | X15: BIA 48 | Y15: MONTERIA | Z15: INJERMAN GARCIA | AA15: 62371 | AB15: 21107168 | AC15: 1
A16: NO REGULADO | B16: 1391980 | D16: NH | E16: 941514 | F16: 9015884123 | G16: 237 | H16: Frt66050 | I16: 0 | J16: 237 MEGAURGENCIAS BLAS DE LEZO TR 54 ISS4 | K16: PEAJE NO REGULADO | L16: PEAJES REGIONALES NO REGULADOS OTRO | M16: MAXIMA | N16: SV120 | O16: 878100.47 | P16: 10687.155 | Q16: 46031 | R16: 45992 | S16: 46022 | V16: 2 | W16: BIA ENERGY S.A.S. E.S.P | X16: BIA 237 | Y16: CARTAGENA | Z16: INJERMAN GARCIA | AA16: 62371 | AB16: 17177216 | AC16: 1
A17: NO REGULADO | B17: 1395792 | D17: NH | E17: 941515 | F17: 9015884123 | G17: 242 | H17: Frt66036 | I17: 0 | J17: 242 CENTRO PORTAL DE SAN FELIPE CL 30 17-140 OFI 1 PIE DE LA POPA | K17: PEAJE NO REGULADO | L17: CONSUMO BASE | M17: NORMAL | N17: SV120 | O17: 0 | P17: 57069.388 | Q17: 46031 | R17: 45992 | S17: 46022 | V17: 1 | W17: BIA ENERGY S.A.S. E.S.P | X17: BIA 242 | Y17: CARTAGENA | Z17: INJERMAN GARCIA | AA17: 62371 | AB17: 17053469 | AC17: 1
A18: NO REGULADO | B18: 1333414 | D18: NH | E18: 941507 | F18: 9015884123 | G18: 48 | H18: Frt28526 | I18: 0 | J18: 048 EURO SUPERMERCADO - INVERSIONES EURO SA - MONTERIA | K18: PEAJE NO REGULADO | L18: PEAJES REGIONALES NO REGULADOS OTRO | M18: MAXIMA | N18: SV120 | O18: 591580.94 | P18: 7199.993 | Q18: 46031 | R18: 45992 | S18: 46022 | V18: 2 | W18: BIA ENERGY S.A.S. E.S.P | X18: BIA 48 | Y18: MONTERIA | Z18: INJERMAN GARCIA | AA18: 62371 | AB18: 21107168 | AC18: 1
A19: NO REGULADO | B19: 1333428 | D19: NH | E19: 941510 | F19: 9015884123 | G19: 49 | H19: Frt29125 | I19: 0 | J19: 049 INVERSIONES EURO SA LO NUESTRO MONTERIA | K19: PEAJE NO REGULADO | L19: PEN. ENERGIA REACTIVA PEAJES | M19: MEDIA | N19: SV120 | O19: 301519.43 | P19: 2368.982 | Q19: 46031 | R19: 45992 | S19: 46022 | V19: 2 | W19: BIA ENERGY S.A.S. E.S.P | X19: BIA 49 | Y19: MONTERIA | Z19: INJERMAN GARCIA | AA19: 62371 | AB19: 21139379 | AC19: 1
A20: NO REGULADO | B20: 1391980 | D20: NH | E20: 941514 | F20: 9015884123 | G20: 237 | H20: Frt66050 | I20: 0 | J20: 237 MEGAURGENCIAS BLAS DE LEZO TR 54 ISS4 | K20: PEAJE NO REGULADO | L20: Aproximacion a decenas Energia | M20: NORMAL | N20: SV120 | O20: 4.69 | P20: 0 | Q20: 46031 | R20: 45992 | S20: 46022 | V20: 2 | W20: BIA ENERGY S.A.S. E.S.P | X20: BIA 237 | Y20: CARTAGENA | Z20: INJERMAN GARCIA | AA20: 62371 | AB20: 17177216 | AC20: 1
A21: NO REGULADO | B21: 1395792 | D21: NH | E21: 941515 | F21: 9015884123 | G21: 242 | H21: Frt66036 | I21: 0 | J21: 242 CENTRO PORTAL DE SAN FELIPE CL 30 17-140 OFI 1 PIE DE LA POPA | K21: PEAJE NO REGULADO | L21: PEAJES REGIONALES NO REGULADOS OTRO | M21: MAXIMA | N21: SV120 | O21: 1011876.9 | P21: 9369.599 | Q21: 46031 | R21: 45992 | S21: 46022 | V21: 1 | W21: BIA ENERGY S.A.S. E.S.P | X21: BIA 242 | Y21: CARTAGENA | Z21: INJERMAN GARCIA | AA21: 62371 | AB21: 17053469 | AC21: 1
... A25: NO REGULADO | B25: 1405491 | D25: NH | E25: 941518 | F25: 9015884123 | G25: 305 | H25: Frt45137 | I25: 0 | J25: 305 PAISAR SAS | K25: PEAJE NO REGULADO | L25: CONSUMO BASE | M25: NORMAL | N25: SV120 | O25: 0 | P25: 69919.045 | Q25: 46031 | R25: 45992 | S25: 46022 | V25: 2 | W25: BIA ENERGY S.A.S. E.S.P | X25: BIA 305 | Y25: CARTAGENA | Z25: INJERMAN GARCIA | AA25: 62371 | AB25: 19397544 | AC25: 1
A26: NO REGULADO | B26: 1341490 | D26: NH | E26: 941513 | F26: 9015884123 | G26: 79 | H26: Frt40029 | I26: 0 | J26: 079 SITES GROUP S.A.S. - HOTEL SITES RECREO | K26: PEAJE NO REGULADO | L26: CONSUMO BASE | M26: NORMAL | N26: SV120 | O26: 0 | P26: 49177.248 | Q26: 46031 | R26: 45992 | S26: 46022 | V26: 2 | W26: BIA ENERGY S.A.S. E.S.P | X26: BIA 79 | Y26: MONTERIA | Z26: INJERMAN GARCIA | AA26: 62371 | AB26: 21135098 | AC26: 0 | AD26: AGPE
A27: NO REGULADO | B27: 1391980 | D27: NH | E27: 941514 | F27: 9015884123 | G27: 237 | H27: Frt66050 | I27: 0 | J27: 237 MEGAURGENCIAS BLAS DE LEZO TR 54 ISS4 | K27: PEAJE NO REGULADO | L27: PEAJES REGIONALES NO REGULADOS OTRO | M27: MEDIA | N27: SV120 | O27: 5779694.8 | P27: 70343.311 | Q27: 46031 | R27: 45992 | S27: 46022 | V27: 2 | W27: BIA ENERGY S.A.S. E.S.P | X27: BIA 237 | Y27: CARTAGENA | Z27: INJERMAN GARCIA | AA27: 62371 | AB27: 17177216 | AC27: 1
A28: NO REGULADO | B28: 1391980 | D28: NH | E28: 941514 | F28: 9015884123 | G28: 237 | H28: Frt66050 | I28: 0 | J28: 237 MEGAURGENCIAS BLAS DE LEZO TR 54 ISS4 | K28: PEAJE NO REGULADO | L28: CONSUMO BASE | M28: NORMAL | N28: SV120 | O28: 0 | P28: 81030.466 | Q28: 46031 | R28: 45992 | S28: 46022 | V28: 2 | W28: BIA ENERGY S.A.S. E.S.P | X28: BIA 237 | Y28: CARTAGENA | Z28: INJERMAN GARCIA | AA28: 62371 | AB28: 17177216 | AC28: 1
A29: NO REGULADO | B29: 1395792 | D29: NH | E29: 941515 | F29: 9015884123 | G29: 242 | H29: Frt66036 | I29: 0 | J29: 242 CENTRO PORTAL DE SAN FELIPE CL 30 17-140 OFI 1 PIE DE LA POPA | K29: PEAJE NO REGULADO | L29: PEAJES REGIONALES NO REGULADOS OTRO | M29: MEDIA | N29: SV120 | O29: 5151374.5 | P29: 47699.789 | Q29: 46031 | R29: 45992 | S29: 46022 | V29: 1 | W29: BIA ENERGY S.A.S. E.S.P | X29: BIA 242 | Y29: CARTAGENA | Z29: INJERMAN GARCIA | AA29: 62371 | AB29: 17053469 | AC29: 1
A30: NO REGULADO | B30: 1405491 | D30: NH | E30: 941518 | F30: 9015884123 | G30: 305 | H30: Frt45137 | I30: 0 | J30: 305 PAISAR SAS | K30: PEAJE NO REGULADO | L30: PEAJES REGIONALES NO REGULADOS OTRO | M30: MAXIMA | N30: SV120 | O30: 705240.02 | P30: 8583.311 | Q30: 46031 | R30: 45992 | S30: 46022 | V30: 2 | W30: BIA ENERGY S.A.S. E.S.P | X30: BIA 305 | Y30: CARTAGENA | Z30: INJERMAN GARCIA | AA30: 62371 | AB30: 19397544 | AC30: 1
A31: REGULADO | B31: 1363519 | D31: NH | E31: 946809 | F31: 9015884123 | G31: 504 | H31: Frt78424 | I31: 0 | J31: 504 MODA ENTERPRISE SAS 2 CL 25 54-20 P 1 LOC 1 | K31: PEAJE NO REGULADO | L31: PEN. ENERGIA REACTIVA PEAJES | M31: NORMAL | N31: SV120 | O31: 385.05 | P31: 2.36 | Q31: 46033 | R31: 45992 | S31: 46022 | V31: 1 | W31: BIA ENERGY S.A.S. E.S.P | X31: BIA 504 | Y31: EL CARMEN DE BOLIVAR | Z31: INJERMAN GARCIA | AA31: 62371 | AB31: 19792503 | AC31: 1
A32: REGULADO | B32: 1415369 | D32: NH | E32: 946474 | F32: 9015884123 | G32: 397 | H32: Frt74848 | I32: 0 | J32: 397 DISTRIBUCIONES PHARMASER LIMITADA CR 2 12A-35 | K32: PEAJE NO REGULADO | L32: Aproximacion a decenas Energia | M32: NORMAL | N32: SV120 | O32: 0.57 | P32: 0 | Q32: 46033 | R32: 45992 | S32: 46022 | V32: 1 | W32: BIA ENERGY S.A.S. E.S.P | X32: BIA 397 | Y32: PUERTO ESCONDIDO | Z32: INJERMAN GARCIA | AA32: 62371 | AB32: 12901850 | AC32: 0
A33: REGULADO | B33: 1360644 | D33: NH | E33: 945897 | F33: 9015884123 | G33: 146 | H33: Frt59463 | I33: 0 | J33: 146 COPSERVIR LTDA TR 3B 15-5 | K33: PEAJE NO REGULADO | L33: PEN. ENERGIA REACTIVA PEAJES | M33: NORMAL | N33: SV120 | O33: 6196.87 | P33: 31.362 | Q33: 46033 | R33: 45992 | S33: 46022 | V33: 1 | W33: BIA ENERGY S.A.S. E.S.P | X33: BIA 146 | Y33: MAGANGUE | Z33: INJERMAN GARCIA | AA33: 62371 | AB33: 17583420 | AC33: 0
A34: REGULADO | B34: 1414342 | D34: NH | E34: 946436 | F34: 9015884123 | G34: 385 | H34: Frt74488 | I34: 0 | J34: 385 DISTRIBUCIONES PHARMASER LIMITADA CL 23 56-70 P 1 APTO 2 | K34: PEAJE NO REGULADO | L34: Aproximacion a decenas Energia | M34: NORMAL | N34: SV120 | O34: 3 | P34: 0 | Q34: 46033 | R34: 45992 | S34: 46022 | V34: 1 | W34: BIA ENERGY S.A.S. E.S.P | X34: BIA 385 | Y34: EL CARMEN DE BOLIVAR | Z34: INJERMAN GARCIA | AA34: 62371 | AB34: 21342685 | AC34: 0
A35: REGULADO | B35: 1414342 | D35: NH | E35: 946436 | F35: 9015884123 | G35: 385 | H35: Frt74488 | I35: 0 | J35: 385 DISTRIBUCIONES PHARMASER LIMITADA CL 23 56-70 P 1 APTO 2 | K35: PEAJE NO REGULADO | L35: PEAJES REGIONALES REGULADOS OTROS | M35: NORMAL | N35: SV120 | O35: 595431.73 | P35: 4180.479 | Q35: 46033 | R35: 45992 | S35: 46022 | V35: 1 | W35: BIA ENERGY S.A.S. E.S.P | X35: BIA 385 | Y35: EL CARMEN DE BOLIVAR | Z35: INJERMAN GARCIA | AA35: 62371 | AB35: 21342685 | AC35: 0
A36: REGULADO | B36: 1415531 | D36: NH | E36: 946530 | F36: 9015884123 | G36: 414 | H36: Frt74031 | I36: 0 | J36: 414 ASOCIADOS GARCIA CASTRO CR 50 25 35 | K36: PEAJE NO REGULADO | L36: Aproximacion a decenas Energia | M36: NORMAL | N36: SV120 | O36: -0.53 | P36: 0 | Q36: 46033 | R36: 45992 | S36: 46022 | V36: 1 | W36: BIA ENERGY S.A.S. E.S.P | X36: BIA 414 | Y36: EL CARMEN DE BOLIVAR | Z36: INJERMAN GARCIA | AA36: 62371 | AB36: 17619157 | AC36: 0
A37: REGULADO | B37: 1415531 | D37: NH | E37: 946530 | F37: 9015884123 | G37: 414 | H37: Frt74031 | I37: 0 | J37: 414 ASOCIADOS GARCIA CASTRO CR 50 25 35 | K37: PEAJE NO REGULADO | L37: CONSUMO BASE | M37: NORMAL | N37: SV120 | O37: 0 | P37: 1946.203 | Q37: 46033 | R37: 45992 | S37: 46022 | V37: 1 | W37: BIA ENERGY S.A.S. E.S.P | X37: BIA 414 | Y37: EL CARMEN DE BOLIVAR | Z37: INJERMAN GARCIA | AA37: 62371 | AB37: 17619157 | AC37: 0
A38: REGULADO | B38: 1377539 | D38: NH | E38: 945961 | F38: 9015884123 | G38: 198 | H38: Frt60938 | I38: 0 | J38: 198 IPS INTEGRAL CLINICAL CARE S.A.S CL 16 9A-131 P1 APTO 1 | K38: PEAJE NO REGULADO | L38: PEAJES REGIONALES REGULADOS OTROS | M38: NORMAL | N38: SV120 | O38: 1607296.4 | P38: 11284.701 | Q38: 46033 | R38: 45992 | S38: 46022 | V38: 1 | W38: BIA ENERGY S.A.S. E.S.P | X38: BIA 198 | Y38: MAGANGUE | Z38: INJERMAN GARCIA | AA38: 62371 | AB38: 17579804 | AC38: 0
... A304: REGULADO | B304: 1354736 | D304: NH | E304: 945356 | F304: 9015884123 | G304: 98 | H304: Frt58820 | I304: 0 | J304: 098 COPSERVIR LTDA CR 1 10-130 P 1 LOC 1 | K304: PEAJE NO REGULADO | L304: Aproximacion a decenas Energia | M304: NORMAL | N304: SV120 | O304: -1.32 | P304: 0 | Q304: 46033 | R304: 45992 | S304: 46022 | V304: 1 | W304: BIA ENERGY S.A.S. E.S.P | X304: BIA 98 | Y304: CARTAGENA | Z304: INJERMAN GARCIA | AA304: 62371 | AB304: 18534189 | AC304: 1
A305: REGULADO | B305: 1345486 | D305: NH | E305: 945282 | F305: 9015884123 | G305: 76 | H305: Frt57786 | I305: 0 | J305: 076 JUANAUTOS EL CERRO SAS CL 29B 18A-209 | K305: PEAJE NO REGULADO | L305: Aproximacion a decenas Energia | M305: NORMAL | N305: SV120 | O305: 0.08 | P305: 0 | Q305: 46033 | R305: 45992 | S305: 46022 | V305: 1 | W305: BIA ENERGY S.A.S. E.S.P | X305: BIA 76 | Y305: CARTAGENA | Z305: INJERMAN GARCIA | AA305: 62371 | AB305: 18508479 | AC305: 1 | AD305: AGPE
A306: REGULADO | B306: 1345488 | D306: NH | E306: 945285 | F306: 9015884123 | G306: 77 | H306: Frt57787 | I306: 0 | J306: 077 RESTAURANTE EUREKA | K306: PEAJE NO REGULADO | L306: PEAJES REGIONALES REGULADOS OTROS | M306: NORMAL | N306: SV120 | O306: 900070.4 | P306: 6319.323 | Q306: 46033 | R306: 45992 | S306: 46022 | V306: 1 | W306: BIA ENERGY S.A.S. E.S.P | X306: BIA 77 | Y306: CARTAGENA | Z306: INJERMAN GARCIA | AA306: 62371 | AB306: 21116819 | AC306: 0
A307: REGULADO | B307: 1354733 | D307: NH | E307: 945334 | F307: 9015884123 | G307: 91 | H307: Frt58783 | I307: 0 | J307: 091 COPSERVIR LTDA AV TERM DE TRANSP 54-70 P 1 LOC 6 SECTOR DONA MANUELA | K307: PEAJE NO REGULADO | L307: Aproximacion a decenas Energia | M307: NORMAL | N307: SV120 | O307: 1.79 | P307: 0 | Q307: 46033 | R307: 45992 | S307: 46022 | V307: 1 | W307: BIA ENERGY S.A.S. E.S.P | X307: BIA 91 | Y307: CARTAGENA | Z307: INJERMAN GARCIA | AA307: 62371 | AB307: 18816558 | AC307: 1
A308: REGULADO | B308: 1354736 | D308: NH | E308: 945356 | F308: 9015884123 | G308: 98 | H308: Frt58820 | I308: 0 | J308: 098 COPSERVIR LTDA CR 1 10-130 P 1 LOC 1 | K308: PEAJE NO REGULADO | L308: CONSUMO BASE | M308: NORMAL | N308: SV120 | O308: 0 | P308: 5201.188 | Q308: 46033 | R308: 45992 | S308: 46022 | V308: 1 | W308: BIA ENERGY S.A.S. E.S.P | X308: BIA 98 | Y308: CARTAGENA | Z308: INJERMAN GARCIA | AA308: 62371 | AB308: 18534189 | AC308: 1
A309: REGULADO | B309: 1363454 | D309: NH | E309: 945922 | F309: 9015884123 | G309: 173 | H309: Frt60196 | I309: 0 | J309: 173 AMBER MEDICINA Y REHABILITACION SAS CR 11 62A-57 | K309: PEAJE NO REGULADO | L309: CONSUMO BASE | M309: NORMAL | N309: SV120 | O309: 0 | P309: 3138.156 | Q309: 46033 | R309: 45992 | S309: 46022 | V309: 1 | W309: BIA ENERGY S.A.S. E.S.P | X309: BIA 173 | Y309: MONTERIA | Z309: INJERMAN GARCIA | AA309: 62371 | AB309: 18359476 | AC309: 1
A310: REGULADO | B310: 1363124 | D310: NH | E310: 945904 | F310: 9015884123 | G310: 153 | H310: Frt59542 | I310: 0 | J310: 153 TEXVIGAR SAS CR 6 68-72 LOC 123 | K310: PEAJE NO REGULADO | L310: CONSUMO BASE | M310: NORMAL | N310: SV120 | O310: 0 | P310: 2138.244 | Q310: 46033 | R310: 45992 | S310: 46022 | V310: 1 | W310: BIA ENERGY S.A.S. E.S.P | X310: BIA 153 | Y310: MONTERIA | Z310: INJERMAN GARCIA | AA310: 62371 | AB310: 19861748 | AC310: 1
A311: REGULADO | B311: 1377966 | D311: NH | E311: 945942 | F311: 9015884123 | G311: 189 | H311: Frt60418 | I311: 0 | J311: 189 HUGO FLOREZ MENDOZA CR 14 # 41-24 | K311: PEAJE NO REGULADO | L311: CONSUMO BASE | M311: NORMAL | N311: SV120 | O311: 0 | P311: 3112.321 | Q311: 46033 | R311: 45992 | S311: 46022 | V311: 1 | W311: BIA ENERGY S.A.S. E.S.P | X311: BIA 189 | Y311: MONTERIA | Z311: INJERMAN GARCIA | AA311: 62371 | AB311: 19409261 | AC311: 1
A312: REGULADO | B312: 1377542 | D312: NH | E312: 945952 | F312: 9015884123 | G312: 194 | H312: Frt60621 | I312: 0 | J312: 194 MINISO COLOMBIA S.A CL 44 10-91 LOC 40A | K312: PEAJE NO REGULADO | L312: Aproximacion a decenas Energia | M312: NORMAL | N312: SV120 | O312: -0.58 | P312: 0 | Q312: 46033 | R312: 45992 | S312: 46022 | V312: 1 | W312: BIA ENERGY S.A.S. E.S.P | X312: BIA 194 | Y312: MONTERIA | Z312: INJERMAN GARCIA | AA312: 62371 | AB312: 19453123 | AC312: 1
A313: REGULADO | B313: 1380542 | D313: NH | E313: 945982 | F313: 9015884123 | G313: 210 | H313: Frt63461 | I313: 0 | J313: 210 COPSERVIR LTDA CR 5 15-117 | K313: PEAJE NO REGULADO | L313: PEAJES REGIONALES REGULADOS OTROS | M313: NORMAL | N313: SV120 | O313: 399100.36 | P313: 2802.052 | Q313: 46033 | R313: 45992 | S313: 46022 | V313: 1 | W313: BIA ENERGY S.A.S. E.S.P | X313: BIA 210 | Y313: MONTERIA | Z313: INJERMAN GARCIA | AA313: 62371 | AB313: 18186253 | AC313: 0
A314: REGULADO | B314: 1380522 | D314: NH | E314: 945976 | F314: 9015884123 | G314: 206 | H314: Frt63223 | I314: 0 | J314: 206 FEMSA - CEDI - MONTERIA | K314: PEAJE NO REGULADO | L314: PEAJES REGIONALES REGULADOS OTROS | M314: NORMAL | N314: SV120 | O314: 1483150.4 | P314: 18051.076 | Q314: 46033 | R314: 45992 | S314: 46022 | V314: 2 | W314: BIA ENERGY S.A.S. E.S.P | X314: BIA 206 | Y314: MONTERIA | Z314: INJERMAN GARCIA | AA314: 62371 | AB314: 18024706 | AC314: 1
A315: REGULADO | B315: 1380522 | D315: NH | E315: 945976 | F315: 9015884123 | G315: 206 | H315: Frt63223 | I315: 0 | J315: 206 FEMSA - CEDI - MONTERIA | K315: PEAJE NO REGULADO | L315: CONSUMO BASE | M315: NORMAL | N315: SV120 | O315: 0 | P315: 18051.076 | Q315: 46033 | R315: 45992 | S315: 46022 | V315: 2 | W315: BIA ENERGY S.A.S. E.S.P | X315: BIA 206 | Y315: MONTERIA | Z315: INJERMAN GARCIA | AA315: 62371 | AB315: 18024706 | AC315: 1
A316: REGULADO | B316: 1384733 | D316: NH | E316: 946045 | F316: 9015884123 | G316: 235 | H316: Frt64476 | I316: 0 | J316: 235 MTR GROUP5 S.A.S CL 60 #6-17 | K316: PEAJE NO REGULADO | L316: PEAJES REGIONALES REGULADOS OTROS | M316: NORMAL | N316: SV120 | O316: 741278.55 | P316: 5204.458 | Q316: 46033 | R316: 45992 | S316: 46022 | V316: 1 | W316: BIA ENERGY S.A.S. E.S.P | X316: BIA 235 | Y316: MONTERIA | Z316: INJERMAN GARCIA | AA316: 62371 | AB316: 19749570 | AC316: 0
A317: REGULADO | B317: 1356149 | D317: NH | E317: 945383 | F317: 9015884123 | G317: 106 | H317: Frt58864 | I317: 0 | J317: 106 COPSERVIR LTDA CL 31 30D-50 LOC 1 | K317: PEAJE NO REGULADO | L317: Aproximacion a decenas Energia | M317: NORMAL | N317: SV120 | O317: -3.16 | P317: 0 | Q317: 46033 | R317: 45992 | S317: 46022 | V317: 1 | W317: BIA ENERGY S.A.S. E.S.P | X317: BIA 106 | Y317: CARTAGENA | Z317: INJERMAN GARCIA | AA317: 62371 | AB317: 17192106 | AC317: 1
... A479: REGULADO | B479: 1380304 | D479: NH | E479: 945994 | F479: 9015884123 | G479: 215 | H479: Frt36870 | I479: 0 | J479: 215 NCS MODA SAS | K479: PEAJE NO REGULADO | L479: CONSUMO BASE | M479: NORMAL | N479: SV120 | O479: 0 | P479: 5676.727 | Q479: 46033 | R479: 45992 | S479: 46022 | V479: 1 | W479: BIA ENERGY S.A.S. E.S.P | X479: BIA 215 | Y479: VALLEDUPAR | Z479: INJERMAN GARCIA | AA479: 62371 | AB479: 19752662 | AC479: 1
A480: REGULADO | B480: 1295340 | D480: NH | E480: 945115 | F480: 9015884123 | G480: 10 | H480: Frt51650 | I480: 0 | J480: 010 LITOGRAF�A JULIO GAMEZ VALLEDUPAR | K480: PEAJE NO REGULADO | L480: CONSUMO BASE | M480: NORMAL | N480: SV120 | O480: 0 | P480: 3513.475 | Q480: 46033 | R480: 45992 | S480: 46022 | V480: 1 | W480: BIA ENERGY S.A.S. E.S.P | X480: BIA 10 | Y480: VALLEDUPAR | Z480: INJERMAN GARCIA | AA480: 62371 | AB480: 17998235 | AC480: 0 | AD480: AGPE
A481: REGULADO | B481: 1295340 | D481: NH | E481: 945115 | F481: 9015884123 | G481: 10 | H481: Frt51650 | I481: 0 | J481: 010 LITOGRAF�A JULIO GAMEZ VALLEDUPAR | K481: PEAJE NO REGULADO | L481: Aproximacion a decenas Energia | M481: NORMAL | N481: SV120 | O481: -1 | P481: 0 | Q481: 46033 | R481: 45992 | S481: 46022 | V481: 1 | W481: BIA ENERGY S.A.S. E.S.P | X481: BIA 10 | Y481: VALLEDUPAR | Z481: INJERMAN GARCIA | AA481: 62371 | AB481: 17998235 | AC481: 0 | AD481: AGPE
A482: REGULADO | B482: 1403632 | D482: NH | E482: 946107 | F482: 9015884123 | G482: 256 | H482: Frt65651 | I482: 0 | J482: 256 RENZO AFINIA DG 10 6N-15 LOC 240 | K482: PEAJE NO REGULADO | L482: CONSUMO BASE | M482: NORMAL | N482: SV120 | O482: 0 | P482: 1823.422 | Q482: 46033 | R482: 45992 | S482: 46022 | V482: 1 | W482: BIA ENERGY S.A.S. E.S.P | X482: BIA 256 | Y482: VALLEDUPAR | Z482: INJERMAN GARCIA | AA482: 62371 | AB482: 18766882 | AC482: 1
A483: REGULADO | B483: 1424496 | D483: NH | E483: 946700 | F483: 9015884123 | G483: 468 | H483: Frt76814 | I483: 0 | J483: 468 DISTRIBUCIONES PHARMASER LIMITADA CR 7 CL 4-34 | K483: PEAJE NO REGULADO | L483: PEN. ENERGIA REACTIVA PEAJES | M483: NORMAL | N483: SV120 | O483: 1066.01 | P483: 5.395 | Q483: 46033 | R483: 45992 | S483: 46022 | V483: 1 | W483: BIA ENERGY S.A.S. E.S.P | X483: BIA 468 | Y483: CORDOBA | Z483: INJERMAN GARCIA | AA483: 62371 | AB483: 17636730 | AC483: 0
A484: REGULADO | B484: 1419801 | D484: NH | E484: 946674 | F484: 9015884123 | G484: 460 | H484: Frt75826 | I484: 0 | J484: 460 DISTRIBUCIONES PHARMASER LIMITADA CR 7 CL 5-18 | K484: PEAJE NO REGULADO | L484: Aproximacion a decenas Energia | M484: NORMAL | N484: SV120 | O484: 2.1 | P484: 0 | Q484: 46033 | R484: 45992 | S484: 46022 | V484: 1 | W484: BIA ENERGY S.A.S. E.S.P | X484: BIA 460 | Y484: SANTA ANA | Z484: INJERMAN GARCIA | AA484: 62371 | AB484: 21411268 | AC484: 0
A485: REGULADO | B485: 1403635 | D485: NH | E485: 946158 | F485: 9015884123 | G485: 271 | H485: Frt66893 | I485: 0 | J485: 271 MR BONO CL 6A 9-41 LOC S02 | K485: PEAJE NO REGULADO | L485: Aproximacion a decenas Energia | M485: NORMAL | N485: SV120 | O485: 2.48 | P485: 0 | Q485: 46033 | R485: 45992 | S485: 46022 | V485: 1 | W485: BIA ENERGY S.A.S. E.S.P | X485: BIA 271 | Y485: VALLEDUPAR | Z485: INJERMAN GARCIA | AA485: 62371 | AB485: 20066211 | AC485: 1
A486: REGULADO | B486: 1415557 | D486: NH | E486: 946464 | F486: 9015884123 | G486: 394 | H486: Frt74517 | I486: 0 | J486: 394 ASOCIADOS GARCIA CASTRO CL 11A 3 37 | K486: PEAJE NO REGULADO | L486: Aproximacion a decenas Energia | M486: NORMAL | N486: SV120 | O486: -0.75 | P486: 0 | Q486: 46033 | R486: 45992 | S486: 46022 | V486: 1 | W486: BIA ENERGY S.A.S. E.S.P | X486: BIA 394 | Y486: MAGANGUE | Z486: INJERMAN GARCIA | AA486: 62371 | AB486: 17556364 | AC486: 0
A487: REGULADO | B487: 1415556 | D487: NH | E487: 946458 | F487: 9015884123 | G487: 392 | H487: Frt73444 | I487: 0 | J487: 392 DISTRIBUCIONES PHARMASER LIMITADA CL 16 CR 16-382 APTO 1 | K487: PEAJE NO REGULADO | L487: CONSUMO BASE | M487: NORMAL | N487: SV120 | O487: 0 | P487: 3199.522 | Q487: 46033 | R487: 45992 | S487: 46022 | V487: 1 | W487: BIA ENERGY S.A.S. E.S.P | X487: BIA 392 | Y487: MAGANGUE | Z487: INJERMAN GARCIA | AA487: 62371 | AB487: 21406197 | AC487: 0
A488: REGULADO | B488: 1424769 | D488: NH | E488: 946704 | F488: 9015884123 | G488: 469 | H488: Frt75477 | I488: 0 | J488: 469 CEMEX COLOMBIA SA KM 28 VIA LA CORDIAL PAR IND C | K488: PEAJE NO REGULADO | L488: CONSUMO BASE | M488: NORMAL | N488: SV120 | O488: 0 | P488: 11751.71 | Q488: 46033 | R488: 45992 | S488: 46022 | V488: 2 | W488: BIA ENERGY S.A.S. E.S.P | X488: BIA 469 | Y488: CLEMENCIA | Z488: INJERMAN GARCIA | AA488: 62371 | AB488: 19668819 | AC488: 1
A489: REGULADO | B489: 1424769 | D489: NH | E489: 946704 | F489: 9015884123 | G489: 469 | H489: Frt75477 | I489: 0 | J489: 469 CEMEX COLOMBIA SA KM 28 VIA LA CORDIAL PAR IND C | K489: PEAJE NO REGULADO | L489: PEN. ENERGIA REACTIVA PEAJES | M489: NORMAL | N489: SV120 | O489: 4107269.6 | P489: 32270.052 | Q489: 46033 | R489: 45992 | S489: 46022 | V489: 2 | W489: BIA ENERGY S.A.S. E.S.P | X489: BIA 469 | Y489: CLEMENCIA | Z489: INJERMAN GARCIA | AA489: 62371 | AB489: 19668819 | AC489: 1
A490: REGULADO | B490: 1414344 | D490: NH | E490: 946579 | F490: 9015884123 | G490: 429 | H490: Frt74487 | I490: 0 | J490: 429 DISTRIBUCIONES PHARMASER LIMITADA CR 39 47-1 P 1 LOC 2 | K490: PEAJE NO REGULADO | L490: PEAJES REGIONALES REGULADOS OTROS | M490: NORMAL | N490: SV120 | O490: 232132.98 | P490: 2149.464 | Q490: 46033 | R490: 45992 | S490: 46022 | V490: 1 | W490: BIA ENERGY S.A.S. E.S.P | X490: BIA 429 | Y490: ARJONA | Z490: INJERMAN GARCIA | AA490: 62371 | AB490: 21409996 | AC490: 1
A491: REGULADO | B491: 1320917 | D491: NH | E491: 945186 | F491: 9015884123 | G491: 45 | H491: Frt54099 | I491: 0 | J491: 045 ACONDESA MERCAPOLLO SCJ | K491: PEAJE NO REGULADO | L491: Aproximacion a decenas Energia | M491: NORMAL | N491: SV120 | O491: -2.8 | P491: 0 | Q491: 46033 | R491: 45992 | S491: 46022 | V491: 1 | W491: BIA ENERGY S.A.S. E.S.P | X491: BIA 45 | Y491: SINCELEJO | Z491: INJERMAN GARCIA | AA491: 62371 | AB491: 21104556 | AC491: 1
A492: REGULADO | B492: 1307882 | D492: NH | E492: 945169 | F492: 9015884123 | G492: 38 | H492: Frt18685 | I492: 0 | J492: 038 INDUSTRIA COLOMBIANA DE CONFECCIONES S.A. INCOCO S.A. ALM NO 27 | K492: PEAJE NO REGULADO | L492: CONSUMO BASE | M492: NORMAL | N492: SV120 | O492: 0 | P492: 2950.422 | Q492: 46033 | R492: 45992 | S492: 46022 | V492: 1 | W492: BIA ENERGY S.A.S. E.S.P | X492: BIA 38 | Y492: VALLEDUPAR | Z492: INJERMAN GARCIA | AA492: 62371 | AB492: 20091581 | AC492: 0
A493: REGULADO | B493: 1420744 | D493: NH | E493: 946687 | F493: 9015884123 | G493: 464 | H493: Frt76489 | I493: 0 | J493: 464 DISTRIBUCIONES PHARMASER LIMITADA CL 5 8-458 | K493: PEAJE NO REGULADO | L493: CONSUMO BASE | M493: NORMAL | N493: SV120 | O493: 0 | P493: 2224.133 | Q493: 46033 | R493: 45992 | S493: 46022 | V493: 1 | W493: BIA ENERGY S.A.S. E.S.P | X493: BIA 464 | Y493: TIERRALTA | Z493: INJERMAN GARCIA | AA493: 62371 | AB493: 18758141 | AC493: 0
... A520: REGULADO | B520: 1442620 | D520: NH | E520: 946859 | F520: 9015884123 | G520: 520 | H520: Frt83733 | I520: 0 | J520: 520 DROGUERIAS Y FARMACIAS CRUZ VERDE SAS CL 16A 19A 25 P 1 LOC 01 BARRIO LA FOR | K520: PEAJE NO REGULADO | L520: Aproximacion a decenas Energia | M520: NORMAL | N520: SV120 | O520: 1.29 | P520: 0 | Q520: 46033 | R520: 45992 | S520: 46022 | V520: 1 | W520: BIA ENERGY S.A.S. E.S.P | X520: BIA 520 | Y520: SINCELEJO | Z520: INJERMAN GARCIA | AA520: 62371 | AB520: 19954712 | AC520: 0
A521: REGULADO | B521: 1450084 | D521: NH | E521: 949681 | F521: 9015884123 | G521: 537 | H521: Frt86836 | I521: 0 | J521: 537 GECOLSA TURBACO CARRT POZON - POLICARPA KM 2 - 300 VARIANTE POZON POLICARPA | K521: PEAJE NO REGULADO | L521: PEN. ENERGIA REACTIVA PEAJES | M521: NORMAL | N521: SV120 | O521: 18261.22 | P521: 143.475 | Q521: 46036 | R521: 46017 | S521: 46022 | V521: 2 | W521: BIA ENERGY S.A.S. E.S.P | X521: BIA 537 | Y521: TURBACO | Z521: INJERMAN GARCIA | AA521: 62371 | AC521: 0
A522: REGULADO | B522: 1342242 | D522: NH | E522: 945266 | F522: 9015884123 | G522: 71 | H522: Frt57339 | I522: 0 | J522: 071 HM ENTERPRISES S.A.S. SECTOR URB BARU MZ E-5 P 1 LOC 1 LA CONCEPCION | K522: PEAJE NO REGULADO | L522: Aproximacion a decenas Energia | M522: NORMAL | N522: SV120 | O522: 4.09 | P522: 0 | Q522: 46033 | R522: 45992 | S522: 46022 | V522: 1 | W522: BIA ENERGY S.A.S. E.S.P | X522: BIA 71 | Y522: CARTAGENA | Z522: INJERMAN GARCIA | AA522: 62371 | AB522: 19546549 | AC522: 0
A523: REGULADO | B523: 1345468 | D523: NH | E523: 945275 | F523: 9015884123 | G523: 74 | H523: Frt57404 | I523: 0 | J523: 074 KARINA CR 9A 22-666 P 2 APTO 23 | K523: PEAJE NO REGULADO | L523: PEN. ENERGIA REACTIVA PEAJES | M523: NORMAL | N523: SV120 | O523: 5292.13 | P523: 32.436 | Q523: 46033 | R523: 45992 | S523: 46022 | V523: 1 | W523: BIA ENERGY S.A.S. E.S.P | X523: BIA 74 | Y523: CARTAGENA | Z523: INJERMAN GARCIA | AA523: 62371 | AB523: 18385696 | AC523: 1
A524: REGULADO | B524: 1415102 | D524: NH | E524: 946455 | F524: 9015884123 | G524: 391 | H524: Frt73445 | I524: 0 | J524: 391 DISTRIBUCIONES PHARMASER LIMITADA CR 12 8-63 | K524: PEAJE NO REGULADO | L524: Aproximacion a decenas Energia | M524: NORMAL | N524: SV120 | O524: 2.2 | P524: 0 | Q524: 46033 | R524: 45992 | S524: 46022 | V524: 1 | W524: BIA ENERGY S.A.S. E.S.P | X524: BIA 391 | Y524: SINCELEJO | Z524: INJERMAN GARCIA | AA524: 62371 | AB524: 17924917 | AC524: 0
A525: REGULADO | B525: 1403711 | D525: NH | E525: 946253 | F525: 9015884123 | G525: 302 | H525: Frt68498 | I525: 0 | J525: 302 DISMEL LIMITADA DG 31 100-115 P 1 BDGA 3 B SAN JOSE DE LOS CAMPANOS TURBACO | K525: PEAJE NO REGULADO | L525: Aproximacion a decenas Energia | M525: NORMAL | N525: SV120 | O525: 4.72 | P525: 0 | Q525: 46033 | R525: 45992 | S525: 46022 | V525: 1 | W525: BIA ENERGY S.A.S. E.S.P | X525: BIA 302 | Y525: TURBACO | Z525: INJERMAN GARCIA | AA525: 62371 | AB525: 18179381 | AC525: 0
A526: REGULADO | B526: 1405495 | D526: NH | E526: 946264 | F526: 9015884123 | G526: 307 | H526: Frt70692 | I526: 0 | J526: 307 EMPRESA DE SERVICIO ESPECIAL DE TRANSPORTE MAMONAL SAS SECTOR LOS NARANJOS K | K526: PEAJE NO REGULADO | L526: CONSUMO BASE | M526: NORMAL | N526: SV120 | O526: 0 | P526: 7768.914 | Q526: 46033 | R526: 45992 | S526: 46022 | V526: 1 | W526: BIA ENERGY S.A.S. E.S.P | X526: BIA 307 | Y526: TURBACO | Z526: INJERMAN GARCIA | AA526: 62371 | AB526: 21396617 | AC526: 1
A527: REGULADO | B527: 1354508 | D527: NH | E527: 945340 | F527: 9015884123 | G527: 93 | H527: Frt58803 | I527: 0 | J527: 093 COPSERVIR LTDA CL 13 7-84 | K527: PEAJE NO REGULADO | L527: CONSUMO BASE | M527: NORMAL | N527: SV120 | O527: 0 | P527: 3142.597 | Q527: 46033 | R527: 45992 | S527: 46022 | V527: 1 | W527: BIA ENERGY S.A.S. E.S.P | X527: BIA 93 | Y527: MONTERIA | Z527: INJERMAN GARCIA | AA527: 62371 | AB527: 17779525 | AC527: 0
A528: REGULADO | B528: 1403698 | D528: NH | E528: 946182 | F528: 9015884123 | G528: 278 | H528: Frt66926 | I528: 0 | J528: 278 EMPRESA DE SERVICIO ESPECIAL DE TRANSPORTE MAMONAL SECTOR LOS NARANJOS KM | K528: PEAJE NO REGULADO | L528: Aproximacion a decenas Energia | M528: NORMAL | N528: SV120 | O528: 3.79 | P528: 0 | Q528: 46033 | R528: 45992 | S528: 46022 | V528: 1 | W528: BIA ENERGY S.A.S. E.S.P | X528: BIA 278 | Y528: TURBACO | Z528: INJERMAN GARCIA | AA528: 62371 | AB528: 21358814 | AC528: 1
A529: REGULADO | B529: 1403680 | D529: NH | E529: 946145 | F529: 9015884123 | G529: 268 | H529: Frt66865 | I529: 0 | J529: 268 EUROSTYLE DG 31 100-115 P 1 LOC 47 | K529: PEAJE NO REGULADO | L529: PEAJES REGIONALES REGULADOS OTROS | M529: NORMAL | N529: SV120 | O529: 493102.44 | P529: 4565.943 | Q529: 46033 | R529: 45992 | S529: 46022 | V529: 1 | W529: BIA ENERGY S.A.S. E.S.P | X529: BIA 268 | Y529: TURBACO | Z529: INJERMAN GARCIA | AA529: 62371 | AB529: 17197651 | AC529: 1
A530: REGULADO | B530: 1398093 | D530: NH | E530: 946073 | F530: 9015884123 | G530: 245 | H530: Frt66594 | I530: 0 | J530: 245 ALTYCOMBPO SAS AFINIA TR 28A 27A-61 P 1 LOC 02 BARRIO EL SOCORRO | K530: PEAJE NO REGULADO | L530: Aproximacion a decenas Energia | M530: NORMAL | N530: SV120 | O530: 2.75 | P530: 0 | Q530: 46033 | R530: 45992 | S530: 46022 | V530: 1 | W530: BIA ENERGY S.A.S. E.S.P | X530: BIA 245 | Y530: SINCELEJO | Z530: INJERMAN GARCIA | AA530: 62371 | AB530: 20025391 | AC530: 0
A531: REGULADO | B531: 1403660 | D531: NH | E531: 946136 | F531: 9015884123 | G531: 265 | H531: Frt66760 | I531: 0 | J531: 265 EUROSTYLE DG 31 100-115 D P 1 APTO 41 | K531: PEAJE NO REGULADO | L531: CONSUMO BASE | M531: NORMAL | N531: SV120 | O531: 0 | P531: 2428.288 | Q531: 46033 | R531: 45992 | S531: 46022 | V531: 1 | W531: BIA ENERGY S.A.S. E.S.P | X531: BIA 265 | Y531: TURBACO | Z531: INJERMAN GARCIA | AA531: 62371 | AB531: 17159392 | AC531: 0
A532: REGULADO | B532: 1356203 | D532: NH | E532: 945404 | F532: 9015884123 | G532: 113 | H532: Frt58899 | I532: 0 | J532: 113 COPSERVIR LTDA CL 17 19-6 | K532: PEAJE NO REGULADO | L532: PEAJES REGIONALES REGULADOS OTROS | M532: NORMAL | N532: SV120 | O532: 579465.16 | P532: 4068.379 | Q532: 46033 | R532: 45992 | S532: 46022 | V532: 1 | W532: BIA ENERGY S.A.S. E.S.P | X532: BIA 113 | Y532: TURBACO | Z532: INJERMAN GARCIA | AA532: 62371 | AB532: 17426447 | AC532: 0
A533: REGULADO | B533: 1354731 | D533: NH | E533: 945321 | F533: 9015884123 | G533: 88 | H533: Frt58779 | I533: 0 | J533: 088 COPSERVIR LTDA CR 3 5A-16 P 1 LOC 1 | K533: PEAJE NO REGULADO | L533: Aproximacion a decenas Energia | M533: NORMAL | N533: SV120 | O533: 2.37 | P533: 0 | Q533: 46033 | R533: 45992 | S533: 46022 | V533: 1 | W533: BIA ENERGY S.A.S. E.S.P | X533: BIA 88 | Y533: CARTAGENA | Z533: INJERMAN GARCIA | AA533: 62371 | AB533: 17679524 | AC533: 1
... A717: REGULADO | B717: 1344279 | D717: NH | E717: 945289 | F717: 9015884123 | G717: 78 | H717: Frt57958 | I717: 0 | J717: 078 AVIPOULET DE LA COSTA CR 15 20B-41 P 1 LOC 161 | K717: PEAJE NO REGULADO | L717: Aproximacion a decenas Energia | M717: NORMAL | N717: SV120 | O717: -0.09 | P717: 0 | Q717: 46033 | R717: 45992 | S717: 46022 | V717: 1 | W717: BIA ENERGY S.A.S. E.S.P | X717: BIA 78 | Y717: VALLEDUPAR | Z717: INJERMAN GARCIA | AA717: 62371 | AB717: 17949323 | AC717: 0
A718: REGULADO | B718: 1295340 | D718: NH | E718: 945115 | F718: 9015884123 | G718: 10 | H718: Frt51650 | I718: 0 | J718: 010 LITOGRAF�A JULIO GAMEZ VALLEDUPAR | K718: PEAJE NO REGULADO | L718: PEAJES REGIONALES REGULADOS OTROS | M718: NORMAL | N718: SV120 | O718: 500429.37 | P718: 3513.475 | Q718: 46033 | R718: 45992 | S718: 46022 | V718: 1 | W718: BIA ENERGY S.A.S. E.S.P | X718: BIA 10 | Y718: VALLEDUPAR | Z718: INJERMAN GARCIA | AA718: 62371 | AB718: 17998235 | AC718: 0 | AD718: AGPE
A719: REGULADO | B719: 1415369 | D719: NH | E719: 946474 | F719: 9015884123 | G719: 397 | H719: Frt74848 | I719: 0 | J719: 397 DISTRIBUCIONES PHARMASER LIMITADA CR 2 12A-35 | K719: PEAJE NO REGULADO | L719: CONSUMO BASE | M719: NORMAL | N719: SV120 | O719: 0 | P719: 846.317 | Q719: 46033 | R719: 45992 | S719: 46022 | V719: 1 | W719: BIA ENERGY S.A.S. E.S.P | X719: BIA 397 | Y719: PUERTO ESCONDIDO | Z719: INJERMAN GARCIA | AA719: 62371 | AB719: 12901850 | AC719: 0
A720: REGULADO | B720: 1420739 | D720: NH | E720: 946691 | F720: 9015884123 | G720: 465 | H720: Frt76513 | I720: 0 | J720: 465 DROMEDICAS DEL ORIENTE CR 14 CL 16 10 P 1 APTO 1 SAN JOSE | K720: PEAJE NO REGULADO | L720: PEAJES REGIONALES REGULADOS OTROS | M720: NORMAL | N720: SV120 | O720: 294328.16 | P720: 2725.368 | Q720: 46033 | R720: 45992 | S720: 46022 | V720: 1 | W720: BIA ENERGY S.A.S. E.S.P | X720: BIA 465 | Y720: MAGANGUE | Z720: INJERMAN GARCIA | AA720: 62371 | AB720: 20074096 | AC720: 1
A721: REGULADO | B721: 1360640 | D721: NH | E721: 945491 | F721: 9015884123 | G721: 143 | H721: Frt59425 | I721: 0 | J721: 143 COPSERVIR LTDA CL 16 CR 16-4 P 1 LOC 1 | K721: PEAJE NO REGULADO | L721: Aproximacion a decenas Energia | M721: NORMAL | N721: SV120 | O721: 2.42 | P721: 0 | Q721: 46033 | R721: 45992 | S721: 46022 | V721: 1 | W721: BIA ENERGY S.A.S. E.S.P | X721: BIA 143 | Y721: MAGANGUE | Z721: INJERMAN GARCIA | AA721: 62371 | AB721: 17596015 | AC721: 0
A722: REGULADO | B722: 1380304 | D722: NH | E722: 945994 | F722: 9015884123 | G722: 215 | H722: Frt36870 | I722: 0 | J722: 215 NCS MODA SAS | K722: PEAJE NO REGULADO | L722: Aproximacion a decenas Energia | M722: NORMAL | N722: SV120 | O722: -2.39 | P722: 0 | Q722: 46033 | R722: 45992 | S722: 46022 | V722: 1 | W722: BIA ENERGY S.A.S. E.S.P | X722: BIA 215 | Y722: VALLEDUPAR | Z722: INJERMAN GARCIA | AA722: 62371 | AB722: 19752662 | AC722: 1
A723: REGULADO | B723: 1340426 | D723: NH | E723: 945232 | F723: 9015884123 | G723: 61 | H723: Frt56905 | I723: 0 | J723: 061 CLASSIC JEANS SHOPS S.A.S. CR 20 CL 21-59 | K723: PEAJE NO REGULADO | L723: CONSUMO BASE | M723: NORMAL | N723: SV120 | O723: 0 | P723: 3561.857 | Q723: 46033 | R723: 45992 | S723: 46022 | V723: 1 | W723: BIA ENERGY S.A.S. E.S.P | X723: BIA 61 | Y723: SINCELEJO | Z723: INJERMAN GARCIA | AA723: 62371 | AB723: 17905533 | AC723: 0
A724: REGULADO | B724: 1403679 | D724: NH | E724: 946192 | F724: 9015884123 | G724: 281 | H724: Frt66972 | I724: 0 | J724: 281 TELEF�NICACR 42 DG 11B-99 | K724: PEAJE NO REGULADO | L724: PEAJES REGIONALES REGULADOS OTROS | M724: NORMAL | N724: SV120 | O724: 0 | P724: 0 | Q724: 46033 | R724: 45992 | S724: 46022 | V724: 1 | W724: BIA ENERGY S.A.S. E.S.P | X724: BIA 281 | Y724: VALLEDUPAR | Z724: INJERMAN GARCIA | AA724: 62371 | AB724: 21442460 | AC724: 1
A725: REGULADO | B725: 1403688 | D725: NH | E725: 946211 | F725: 9015884123 | G725: 289 | H725: Frt66999 | I725: 0 | J725: 289 TELEF�NICACL 16 31-181 | K725: PEAJE NO REGULADO | L725: PEAJES REGIONALES REGULADOS OTROS | M725: NORMAL | N725: SV120 | O725: 88029.05 | P725: 618.045 | Q725: 46033 | R725: 45992 | S725: 46022 | V725: 1 | W725: BIA ENERGY S.A.S. E.S.P | X725: BIA 289 | Y725: VALLEDUPAR | Z725: INJERMAN GARCIA | AA725: 62371 | AB725: 18554428 | AC725: 0
A726: REGULADO | B726: 1405410 | D726: NH | E726: 946254 | F726: 9015884123 | G726: 303 | H726: Frt68520 | I726: 0 | J726: 303 RENZO AFINIA CL 31 6A-133 LOC 106 | K726: PEAJE NO REGULADO | L726: CONSUMO BASE | M726: NORMAL | N726: SV120 | O726: 0 | P726: 2167.491 | Q726: 46033 | R726: 45992 | S726: 46022 | V726: 1 | W726: BIA ENERGY S.A.S. E.S.P | X726: BIA 303 | Y726: VALLEDUPAR | Z726: INJERMAN GARCIA | AA726: 62371 | AB726: 19752870 | AC726: 1
A727: REGULADO | B727: 1403714 | D727: NH | E727: 946238 | F727: 9015884123 | G727: 298 | H727: Frt67377 | I727: 0 | J727: 298 TELEF�NICACL 7 CR 4-48 | K727: PEAJE NO REGULADO | L727: PEAJES REGIONALES REGULADOS OTROS | M727: NORMAL | N727: SV120 | O727: 363935.63 | P727: 3369.907 | Q727: 46033 | R727: 45992 | S727: 46022 | V727: 1 | W727: BIA ENERGY S.A.S. E.S.P | X727: BIA 298 | Y727: VALLEDUPAR | Z727: INJERMAN GARCIA | AA727: 62371 | AB727: 18369182 | AC727: 1
A728: REGULADO | B728: 1406271 | D728: NH | E728: 946303 | F728: 9015884123 | G728: 323 | H728: Frt28163 | I728: 0 | J728: 323 INVERSIONES ROFI SAS - CINELAND VALLEDUPAR | K728: PEAJE NO REGULADO | L728: PEN. ENERGIA REACTIVA PEAJES | M728: NORMAL | N728: SV120 | O728: 83130.39 | P728: 653.14 | Q728: 46033 | R728: 45992 | S728: 46022 | V728: 2 | W728: BIA ENERGY S.A.S. E.S.P | X728: BIA 323 | Y728: VALLEDUPAR | Z728: INJERMAN GARCIA | AA728: 62371 | AB728: 19711461 | AC728: 1
A729: REGULADO | B729: 1320917 | D729: NH | E729: 945186 | F729: 9015884123 | G729: 45 | H729: Frt54099 | I729: 0 | J729: 045 ACONDESA MERCAPOLLO SCJ | K729: PEAJE NO REGULADO | L729: CONSUMO BASE | M729: NORMAL | N729: SV120 | O729: 0 | P729: 3605.697 | Q729: 46033 | R729: 45992 | S729: 46022 | V729: 1 | W729: BIA ENERGY S.A.S. E.S.P | X729: BIA 45 | Y729: SINCELEJO | Z729: INJERMAN GARCIA | AA729: 62371 | AB729: 21104556 | AC729: 1
A730: REGULADO | B730: 1415389 | D730: NH | E730: 946460 | F730: 9015884123 | G730: 393 | H730: Frt73448 | I730: 0 | J730: 393 DISTRIBUCIONES PHARMASER LIMITADA CL 14 17-469 | K730: PEAJE NO REGULADO | L730: Aproximacion a decenas Energia | M730: NORMAL | N730: SV120 | O730: 0.79 | P730: 0 | Q730: 46033 | R730: 45992 | S730: 46022 | V730: 1 | W730: BIA ENERGY S.A.S. E.S.P | X730: BIA 393 | Y730: VILLANUEVA | Z730: INJERMAN GARCIA | AA730: 62371 | AB730: 17597638 | AC730: 0
... A738: REGULADO | B738: 1428552 | D738: NH | E738: 946728 | F738: 9015884123 | G738: 477 | H738: Frt78139 | I738: 0 | J738: 477 GRUPO MIS SOCIEDAD POR ACCIONES SIMPLIFICADA AFINIA CL 28 CR 25B-365 LOC 226 | K738: PEAJE NO REGULADO | L738: PEAJES REGIONALES REGULADOS OTROS | M738: NORMAL | N738: SV120 | O738: 305809.84 | P738: 2831.684 | Q738: 46033 | R738: 45992 | S738: 46022 | V738: 1 | W738: BIA ENERGY S.A.S. E.S.P | X738: BIA 477 | Y738: SINCELEJO | Z738: INJERMAN GARCIA | AA738: 62371 | AB738: 21249975 | AC738: 1
A739: REGULADO | B739: 1450084 | D739: NH | E739: 949681 | F739: 9015884123 | G739: 537 | H739: Frt86836 | I739: 0 | J739: 537 GECOLSA TURBACO CARRT POZON - POLICARPA KM 2 - 300 VARIANTE POZON POLICARPA | K739: PEAJE NO REGULADO | L739: Aproximacion a decenas Energia | M739: NORMAL | N739: SV120 | O739: -0.33 | P739: 0 | Q739: 46036 | R739: 46017 | S739: 46022 | V739: 2 | W739: BIA ENERGY S.A.S. E.S.P | X739: BIA 537 | Y739: TURBACO | Z739: INJERMAN GARCIA | AA739: 62371 | AC739: 0
A740: REGULADO | B740: 1424496 | D740: NH | E740: 946700 | F740: 9015884123 | G740: 468 | H740: Frt76814 | I740: 0 | J740: 468 DISTRIBUCIONES PHARMASER LIMITADA CR 7 CL 4-34 | K740: PEAJE NO REGULADO | L740: PEAJES REGIONALES REGULADOS OTROS | M740: NORMAL | N740: SV120 | O740: 169620.2 | P740: 1190.89 | Q740: 46033 | R740: 45992 | S740: 46022 | V740: 1 | W740: BIA ENERGY S.A.S. E.S.P | X740: BIA 468 | Y740: CORDOBA | Z740: INJERMAN GARCIA | AA740: 62371 | AB740: 17636730 | AC740: 0
A741: REGULADO | B741: 1415123 | D741: NH | E741: 946542 | F741: 9015884123 | G741: 418 | H741: Frt74507 | I741: 0 | J741: 418 DISTRIBUCIONES PHARMASER LIMITADA CR 14 15-4 LOC 07 | K741: PEAJE NO REGULADO | L741: Aproximacion a decenas Energia | M741: NORMAL | N741: SV120 | O741: -3.79 | P741: 0 | Q741: 46033 | R741: 45992 | S741: 46022 | V741: 1 | W741: BIA ENERGY S.A.S. E.S.P | X741: BIA 418 | Y741: SINCELEJO | Z741: INJERMAN GARCIA | AA741: 62371 | AB741: 21285169 | AC741: 1
A742: REGULADO | B742: 1415107 | D742: NH | E742: 946468 | F742: 9015884123 | G742: 395 | H742: Frt74536 | I742: 0 | J742: 395 SAFELA GROUP CL 28 CR 25B - 365 LOC 2289 BARRIO BOSTON SINCELEJO CC GUACARI | K742: PEAJE NO REGULADO | L742: Aproximacion a decenas Energia | M742: NORMAL | N742: SV120 | O742: -3.36 | P742: 0 | Q742: 46033 | R742: 45992 | S742: 46022 | V742: 1 | W742: BIA ENERGY S.A.S. E.S.P | X742: BIA 395 | Y742: SINCELEJO | Z742: INJERMAN GARCIA | AA742: 62371 | AB742: 21249991 | AC742: 1
A743: REGULADO | B743: 1420739 | D743: NH | E743: 946691 | F743: 9015884123 | G743: 465 | H743: Frt76513 | I743: 0 | J743: 465 DROMEDICAS DEL ORIENTE CR 14 CL 16 10 P 1 APTO 1 SAN JOSE | K743: PEAJE NO REGULADO | L743: PEN. ENERGIA REACTIVA PEAJES | M743: NORMAL | N743: SV120 | O743: 7865.75 | P743: 48.21 | Q743: 46033 | R743: 45992 | S743: 46022 | V743: 1 | W743: BIA ENERGY S.A.S. E.S.P | X743: BIA 465 | Y743: MAGANGUE | Z743: INJERMAN GARCIA | AA743: 62371 | AB743: 20074096 | AC743: 1
A744: REGULADO | B744: 1419037 | D744: NH | E744: 946635 | F744: 9015884123 | G744: 446 | H744: Frt75447 | I744: 0 | J744: 446 DROMEDICAS DEL ORIENTE CR 13C CL 16C 7 APTO 1 SAN JOSE | K744: PEAJE NO REGULADO | L744: Aproximacion a decenas Energia | M744: NORMAL | N744: SV120 | O744: -1.05 | P744: 0 | Q744: 46033 | R744: 45992 | S744: 46022 | V744: 1 | W744: BIA ENERGY S.A.S. E.S.P | X744: BIA 446 | Y744: MAGANGUE | Z744: INJERMAN GARCIA | AA744: 62371 | AB744: 21365716 | AC744: 0
A745: REGULADO | B745: 1419037 | D745: NH | E745: 946635 | F745: 9015884123 | G745: 446 | H745: Frt75447 | I745: 0 | J745: 446 DROMEDICAS DEL ORIENTE CR 13C CL 16C 7 APTO 1 SAN JOSE | K745: PEAJE NO REGULADO | L745: CONSUMO BASE | M745: NORMAL | N745: SV120 | O745: 0 | P745: 2906.952 | Q745: 46033 | R745: 45992 | S745: 46022 | V745: 1 | W745: BIA ENERGY S.A.S. E.S.P | X745: BIA 446 | Y745: MAGANGUE | Z745: INJERMAN GARCIA | AA745: 62371 | AB745: 21365716 | AC745: 0
...
