Workbook

Sheet SDL-BIAC-15
A1: ANO | B1: MES | C1: CODIGO | D1: AGENTE COMERCIAL QUE IMPORTA | E1: kVarhD | F1: kVarhR | G1: kWhD | H1: kWhR | I1: INDUC | J1: M | K1: NT | L1: TARIFA ACTIVA | M1: TARIFA REACTIVA
A2: 2025 | B2: 12 | C2: Frt26947 | D2: BIAC | F2: 2686.6 | H2: 7083.17 | I2: =_xlfn.XLOOKUP(C2,'SDL-BIAC-INDUCTIVA'!C:C,'SDL-BIAC-INDUCTIVA'!G:G) -> 71.97 | J2: =_xlfn.XLOOKUP(C2,'SDL-BIAC-INDUCTIVA'!C:C,'SDL-BIAC-INDUCTIVA'!H:H) -> 12 | K2: =_xlfn.XLOOKUP(C2,'SDL-BIAC-INDUCTIVA'!C:C,'SDL-BIAC-INDUCTIVA'!F:F) -> 1 | M2: =_xlfn.XLOOKUP(C2,'SDL-BIAC-INDUCTIVA'!C:C,'SDL-BIAC-INDUCTIVA'!J:J) -> 230.87
A3: 2025 | B3: 12 | C3: Frt42718 | D3: BIAC | E3: 0 | F3: 2157.19 | G3: 0 | H3: 4176.49 | I3: =_xlfn.XLOOKUP(C3,'SDL-BIAC-INDUCTIVA'!C:C,'SDL-BIAC-INDUCTIVA'!G:G) -> 295.85 | J3: =_xlfn.XLOOKUP(C3,'SDL-BIAC-INDUCTIVA'!C:C,'SDL-BIAC-INDUCTIVA'!H:H) -> 7 | K3: =_xlfn.XLOOKUP(C3,'SDL-BIAC-INDUCTIVA'!C:C,'SDL-BIAC-INDUCTIVA'!F:F) -> 1 | M3: =_xlfn.XLOOKUP(C3,'SDL-BIAC-INDUCTIVA'!C:C,'SDL-BIAC-INDUCTIVA'!J:J) -> 230.87
A4: 2025 | B4: 12 | C4: Frt42745 | D4: BIAC | E4: 302.42 | F4: 2004.49 | H4: 4332.65 | I4: =_xlfn.XLOOKUP(C4,'SDL-BIAC-INDUCTIVA'!C:C,'SDL-BIAC-INDUCTIVA'!G:G) -> 376.725 | J4: =_xlfn.XLOOKUP(C4,'SDL-BIAC-INDUCTIVA'!C:C,'SDL-BIAC-INDUCTIVA'!H:H) -> 12 | K4: =_xlfn.XLOOKUP(C4,'SDL-BIAC-INDUCTIVA'!C:C,'SDL-BIAC-INDUCTIVA'!F:F) -> 1 | M4: =_xlfn.XLOOKUP(C4,'SDL-BIAC-INDUCTIVA'!C:C,'SDL-BIAC-INDUCTIVA'!J:J) -> 230.87
A5: 2025 | B5: 12 | C5: Frt42746 | D5: BIAC | E5: 0.18 | F5: 1469.743 | G5: 0 | H5: 4381.701 | I5: =_xlfn.XLOOKUP(C5,'SDL-BIAC-INDUCTIVA'!C:C,'SDL-BIAC-INDUCTIVA'!G:G) -> 0.03 | J5: =_xlfn.XLOOKUP(C5,'SDL-BIAC-INDUCTIVA'!C:C,'SDL-BIAC-INDUCTIVA'!H:H) -> 1 | K5: =_xlfn.XLOOKUP(C5,'SDL-BIAC-INDUCTIVA'!C:C,'SDL-BIAC-INDUCTIVA'!F:F) -> 1 | M5: =_xlfn.XLOOKUP(C5,'SDL-BIAC-INDUCTIVA'!C:C,'SDL-BIAC-INDUCTIVA'!J:J) -> 230.87
A6: 2025 | B6: 12 | C6: Frt42749 | D6: BIAC | E6: 30.41 | F6: 256.03 | G6: 0 | H6: 6102.53 | I6: =_xlfn.XLOOKUP(C6,'SDL-BIAC-INDUCTIVA'!C:C,'SDL-BIAC-INDUCTIVA'!G:G) -> 0 | J6: =_xlfn.XLOOKUP(C6,'SDL-BIAC-INDUCTIVA'!C:C,'SDL-BIAC-INDUCTIVA'!H:H) -> 1 | K6: =_xlfn.XLOOKUP(C6,'SDL-BIAC-INDUCTIVA'!C:C,'SDL-BIAC-INDUCTIVA'!F:F) -> 1 | M6: =_xlfn.XLOOKUP(C6,'SDL-BIAC-INDUCTIVA'!C:C,'SDL-BIAC-INDUCTIVA'!J:J) -> 230.87
A7: 2025 | B7: 12 | C7: Frt42827 | D7: BIAC | E7: 287.3259 | F7: 621.339 | G7: 0 | H7: 4381.9899 | I7: =_xlfn.XLOOKUP(C7,'SDL-BIAC-INDUCTIVA'!C:C,'SDL-BIAC-INDUCTIVA'!G:G) -> 0 | J7: =_xlfn.XLOOKUP(C7,'SDL-BIAC-INDUCTIVA'!C:C,'SDL-BIAC-INDUCTIVA'!H:H) -> 1 | K7: =_xlfn.XLOOKUP(C7,'SDL-BIAC-INDUCTIVA'!C:C,'SDL-BIAC-INDUCTIVA'!F:F) -> 1 | M7: =_xlfn.XLOOKUP(C7,'SDL-BIAC-INDUCTIVA'!C:C,'SDL-BIAC-INDUCTIVA'!J:J) -> 230.87
A8: 2025 | B8: 12 | C8: Frt43114 | D8: BIAC | E8: 136.772 | F8: 82.044 | G8: 0 | H8: 1105.992 | I8: =_xlfn.XLOOKUP(C8,'SDL-BIAC-INDUCTIVA'!C:C,'SDL-BIAC-INDUCTIVA'!G:G) -> 0 | J8: =_xlfn.XLOOKUP(C8,'SDL-BIAC-INDUCTIVA'!C:C,'SDL-BIAC-INDUCTIVA'!H:H) -> 1 | K8: =_xlfn.XLOOKUP(C8,'SDL-BIAC-INDUCTIVA'!C:C,'SDL-BIAC-INDUCTIVA'!F:F) -> 1 | M8: =_xlfn.XLOOKUP(C8,'SDL-BIAC-INDUCTIVA'!C:C,'SDL-BIAC-INDUCTIVA'!J:J) -> 230.87
A9: 2025 | B9: 12 | C9: Frt43115 | D9: BIAC | E9: 309.27 | F9: 596.92 | G9: 0 | H9: 5950.82 | I9: =_xlfn.XLOOKUP(C9,'SDL-BIAC-INDUCTIVA'!C:C,'SDL-BIAC-INDUCTIVA'!G:G) -> 0 | J9: =_xlfn.XLOOKUP(C9,'SDL-BIAC-INDUCTIVA'!C:C,'SDL-BIAC-INDUCTIVA'!H:H) -> 1 | K9: =_xlfn.XLOOKUP(C9,'SDL-BIAC-INDUCTIVA'!C:C,'SDL-BIAC-INDUCTIVA'!F:F) -> 1 | M9: =_xlfn.XLOOKUP(C9,'SDL-BIAC-INDUCTIVA'!C:C,'SDL-BIAC-INDUCTIVA'!J:J) -> 230.87
A10: 2025 | B10: 12 | C10: Frt43693 | D10: BIAC | E10: 0 | F10: 3361.07 | G10: 0 | H10: 5874.1 | I10: =_xlfn.XLOOKUP(C10,'SDL-BIAC-INDUCTIVA'!C:C,'SDL-BIAC-INDUCTIVA'!G:G) -> 510.945 | J10: =_xlfn.XLOOKUP(C10,'SDL-BIAC-INDUCTIVA'!C:C,'SDL-BIAC-INDUCTIVA'!H:H) -> 12 | K10: =_xlfn.XLOOKUP(C10,'SDL-BIAC-INDUCTIVA'!C:C,'SDL-BIAC-INDUCTIVA'!F:F) -> 1 | M10: =_xlfn.XLOOKUP(C10,'SDL-BIAC-INDUCTIVA'!C:C,'SDL-BIAC-INDUCTIVA'!J:J) -> 230.87
A11: 2025 | B11: 12 | C11: Frt60060 | D11: BIAC | E11: 25.93 | F11: 39.77 | G11: 0 | H11: 505.83 | I11: =_xlfn.XLOOKUP(C11,'SDL-BIAC-INDUCTIVA'!C:C,'SDL-BIAC-INDUCTIVA'!G:G) -> 10.735 | J11: =_xlfn.XLOOKUP(C11,'SDL-BIAC-INDUCTIVA'!C:C,'SDL-BIAC-INDUCTIVA'!H:H) -> 1 | K11: =_xlfn.XLOOKUP(C11,'SDL-BIAC-INDUCTIVA'!C:C,'SDL-BIAC-INDUCTIVA'!F:F) -> 1 | M11: =_xlfn.XLOOKUP(C11,'SDL-BIAC-INDUCTIVA'!C:C,'SDL-BIAC-INDUCTIVA'!J:J) -> 230.87
A12: 2025 | B12: 12 | C12: Frt60061 | D12: BIAC | E12: 0 | F12: 1525.23 | G12: 0 | H12: 4227.92 | I12: =_xlfn.XLOOKUP(C12,'SDL-BIAC-INDUCTIVA'!C:C,'SDL-BIAC-INDUCTIVA'!G:G) -> 5.545 | J12: =_xlfn.XLOOKUP(C12,'SDL-BIAC-INDUCTIVA'!C:C,'SDL-BIAC-INDUCTIVA'!H:H) -> 1 | K12: =_xlfn.XLOOKUP(C12,'SDL-BIAC-INDUCTIVA'!C:C,'SDL-BIAC-INDUCTIVA'!F:F) -> 1 | M12: =_xlfn.XLOOKUP(C12,'SDL-BIAC-INDUCTIVA'!C:C,'SDL-BIAC-INDUCTIVA'!J:J) -> 230.87
A13: 2025 | B13: 12 | C13: Frt60157 | D13: BIAC | E13: 279.67 | F13: 0.75 | G13: 0 | H13: 972.8 | I13: =_xlfn.XLOOKUP(C13,'SDL-BIAC-INDUCTIVA'!C:C,'SDL-BIAC-INDUCTIVA'!G:G) -> 0 | J13: =_xlfn.XLOOKUP(C13,'SDL-BIAC-INDUCTIVA'!C:C,'SDL-BIAC-INDUCTIVA'!H:H) -> 1 | K13: =_xlfn.XLOOKUP(C13,'SDL-BIAC-INDUCTIVA'!C:C,'SDL-BIAC-INDUCTIVA'!F:F) -> 1 | M13: =_xlfn.XLOOKUP(C13,'SDL-BIAC-INDUCTIVA'!C:C,'SDL-BIAC-INDUCTIVA'!J:J) -> 230.87
A14: 2025 | B14: 12 | C14: Frt60627 | D14: BIAC | E14: 8.84 | F14: 96.76 | G14: 0 | H14: 647.64 | I14: =_xlfn.XLOOKUP(C14,'SDL-BIAC-INDUCTIVA'!C:C,'SDL-BIAC-INDUCTIVA'!G:G) -> 1.405 | J14: =_xlfn.XLOOKUP(C14,'SDL-BIAC-INDUCTIVA'!C:C,'SDL-BIAC-INDUCTIVA'!H:H) -> 1 | K14: =_xlfn.XLOOKUP(C14,'SDL-BIAC-INDUCTIVA'!C:C,'SDL-BIAC-INDUCTIVA'!F:F) -> 1 | M14: =_xlfn.XLOOKUP(C14,'SDL-BIAC-INDUCTIVA'!C:C,'SDL-BIAC-INDUCTIVA'!J:J) -> 230.87
A15: 2025 | B15: 12 | C15: Frt60683 | D15: BIAC | E15: 40.16 | F15: 1730.47 | G15: 0 | H15: 10202.25 | I15: =_xlfn.XLOOKUP(C15,'SDL-BIAC-INDUCTIVA'!C:C,'SDL-BIAC-INDUCTIVA'!G:G) -> 0 | J15: =_xlfn.XLOOKUP(C15,'SDL-BIAC-INDUCTIVA'!C:C,'SDL-BIAC-INDUCTIVA'!H:H) -> 1 | K15: =_xlfn.XLOOKUP(C15,'SDL-BIAC-INDUCTIVA'!C:C,'SDL-BIAC-INDUCTIVA'!F:F) -> 1 | M15: =_xlfn.XLOOKUP(C15,'SDL-BIAC-INDUCTIVA'!C:C,'SDL-BIAC-INDUCTIVA'!J:J) -> 230.87
A16: 2025 | B16: 12 | C16: Frt60684 | D16: BIAC | E16: 3.11 | F16: 177.35 | G16: 0 | H16: 316.59 | I16: =_xlfn.XLOOKUP(C16,'SDL-BIAC-INDUCTIVA'!C:C,'SDL-BIAC-INDUCTIVA'!G:G) -> 64.085 | J16: =_xlfn.XLOOKUP(C16,'SDL-BIAC-INDUCTIVA'!C:C,'SDL-BIAC-INDUCTIVA'!H:H) -> 1 | K16: =_xlfn.XLOOKUP(C16,'SDL-BIAC-INDUCTIVA'!C:C,'SDL-BIAC-INDUCTIVA'!F:F) -> 1 | M16: =_xlfn.XLOOKUP(C16,'SDL-BIAC-INDUCTIVA'!C:C,'SDL-BIAC-INDUCTIVA'!J:J) -> 230.87
... A22: 2025 | B22: 12 | C22: Frt75810 | D22: BIAC | E22: 174.66 | F22: 897.84 | G22: 0 | H22: 3355.26 | I22: =_xlfn.XLOOKUP(C22,'SDL-BIAC-INDUCTIVA'!C:C,'SDL-BIAC-INDUCTIVA'!G:G) -> 0 | J22: =_xlfn.XLOOKUP(C22,'SDL-BIAC-INDUCTIVA'!C:C,'SDL-BIAC-INDUCTIVA'!H:H) -> 1 | K22: =_xlfn.XLOOKUP(C22,'SDL-BIAC-INDUCTIVA'!C:C,'SDL-BIAC-INDUCTIVA'!F:F) -> 1 | M22: =_xlfn.XLOOKUP(C22,'SDL-BIAC-INDUCTIVA'!C:C,'SDL-BIAC-INDUCTIVA'!J:J) -> 230.87
A23: 2025 | B23: 12 | C23: Frt76605 | D23: BIAC | E23: 28.706 | F23: 245.438 | G23: 0 | H23: 1286.999 | I23: 0 | J23: 1 | K23: =_xlfn.XLOOKUP(C23,'SDL-BIAC-INDUCTIVA'!C:C,'SDL-BIAC-INDUCTIVA'!F:F) -> #N/A | M23: =_xlfn.XLOOKUP(C23,'SDL-BIAC-INDUCTIVA'!C:C,'SDL-BIAC-INDUCTIVA'!J:J) -> #N/A
A24: 2025 | B24: 12 | C24: Frt77045 | D24: BIAC | E24: 252.12 | F24: 19.96 | G24: 0 | H24: 5488.19 | I24: =_xlfn.XLOOKUP(C24,'SDL-BIAC-INDUCTIVA'!C:C,'SDL-BIAC-INDUCTIVA'!G:G) -> 0 | J24: =_xlfn.XLOOKUP(C24,'SDL-BIAC-INDUCTIVA'!C:C,'SDL-BIAC-INDUCTIVA'!H:H) -> 1 | K24: =_xlfn.XLOOKUP(C24,'SDL-BIAC-INDUCTIVA'!C:C,'SDL-BIAC-INDUCTIVA'!F:F) -> 1 | M24: =_xlfn.XLOOKUP(C24,'SDL-BIAC-INDUCTIVA'!C:C,'SDL-BIAC-INDUCTIVA'!J:J) -> 230.87
A25: 2025 | B25: 12 | C25: Frt77046 | D25: BIAC | E25: 0.038 | F25: 301.865 | G25: 0 | H25: 1310.105 | I25: =_xlfn.XLOOKUP(C25,'SDL-BIAC-INDUCTIVA'!C:C,'SDL-BIAC-INDUCTIVA'!G:G) -> 0 | J25: =_xlfn.XLOOKUP(C25,'SDL-BIAC-INDUCTIVA'!C:C,'SDL-BIAC-INDUCTIVA'!H:H) -> 1 | K25: =_xlfn.XLOOKUP(C25,'SDL-BIAC-INDUCTIVA'!C:C,'SDL-BIAC-INDUCTIVA'!F:F) -> 1 | M25: =_xlfn.XLOOKUP(C25,'SDL-BIAC-INDUCTIVA'!C:C,'SDL-BIAC-INDUCTIVA'!J:J) -> 230.87
A26: 2025 | B26: 12 | C26: Frt77047 | D26: BIAC | E26: 0.002 | F26: 853.291 | G26: 0 | H26: 1876.502 | I26: =_xlfn.XLOOKUP(C26,'SDL-BIAC-INDUCTIVA'!C:C,'SDL-BIAC-INDUCTIVA'!G:G) -> 103.1615 | J26: =_xlfn.XLOOKUP(C26,'SDL-BIAC-INDUCTIVA'!C:C,'SDL-BIAC-INDUCTIVA'!H:H) -> 1 | K26: =_xlfn.XLOOKUP(C26,'SDL-BIAC-INDUCTIVA'!C:C,'SDL-BIAC-INDUCTIVA'!F:F) -> 1 | M26: =_xlfn.XLOOKUP(C26,'SDL-BIAC-INDUCTIVA'!C:C,'SDL-BIAC-INDUCTIVA'!J:J) -> 230.87
A27: 2025 | B27: 12 | C27: Frt77574 | D27: BIAC | E27: 8.17 | F27: 1278.3 | G27: 0 | H27: 2553.06 | I27: 0 | J27: 1 | K27: =_xlfn.XLOOKUP(C27,'SDL-BIAC-INDUCTIVA'!C:C,'SDL-BIAC-INDUCTIVA'!F:F) -> #N/A | M27: =_xlfn.XLOOKUP(C27,'SDL-BIAC-INDUCTIVA'!C:C,'SDL-BIAC-INDUCTIVA'!J:J) -> #N/A
A28: 2025 | B28: 12 | C28: Frt77769 | D28: BIAC | E28: 0 | F28: 4433.1 | G28: 0 | H28: 11674.52 | I28: 0 | J28: 1 | K28: =_xlfn.XLOOKUP(C28,'SDL-BIAC-INDUCTIVA'!C:C,'SDL-BIAC-INDUCTIVA'!F:F) -> #N/A | M28: =_xlfn.XLOOKUP(C28,'SDL-BIAC-INDUCTIVA'!C:C,'SDL-BIAC-INDUCTIVA'!J:J) -> #N/A
A29: 2025 | B29: 12 | C29: Frt78160 | D29: BIAC | E29: 0.71 | F29: 111.468 | G29: 0 | H29: 743.407 | I29: =_xlfn.XLOOKUP(C29,'SDL-BIAC-INDUCTIVA'!C:C,'SDL-BIAC-INDUCTIVA'!G:G) -> 0 | J29: =_xlfn.XLOOKUP(C29,'SDL-BIAC-INDUCTIVA'!C:C,'SDL-BIAC-INDUCTIVA'!H:H) -> 1 | K29: =_xlfn.XLOOKUP(C29,'SDL-BIAC-INDUCTIVA'!C:C,'SDL-BIAC-INDUCTIVA'!F:F) -> 1 | M29: =_xlfn.XLOOKUP(C29,'SDL-BIAC-INDUCTIVA'!C:C,'SDL-BIAC-INDUCTIVA'!J:J) -> 230.87
A30: 2025 | B30: 12 | C30: Frt78262 | D30: BIAC | E30: 0 | F30: 6272.04 | G30: 0 | H30: 10421.18 | I30: =_xlfn.XLOOKUP(C30,'SDL-BIAC-INDUCTIVA'!C:C,'SDL-BIAC-INDUCTIVA'!G:G) -> 1065.435 | J30: =_xlfn.XLOOKUP(C30,'SDL-BIAC-INDUCTIVA'!C:C,'SDL-BIAC-INDUCTIVA'!H:H) -> 1 | K30: =_xlfn.XLOOKUP(C30,'SDL-BIAC-INDUCTIVA'!C:C,'SDL-BIAC-INDUCTIVA'!F:F) -> 1 | M30: =_xlfn.XLOOKUP(C30,'SDL-BIAC-INDUCTIVA'!C:C,'SDL-BIAC-INDUCTIVA'!J:J) -> 230.87
A31: 2025 | B31: 12 | C31: Frt78290 | D31: BIAC | E31: 1083.57 | F31: 0 | G31: 0 | H31: 5931.29 | I31: =_xlfn.XLOOKUP(C31,'SDL-BIAC-INDUCTIVA'!C:C,'SDL-BIAC-INDUCTIVA'!G:G) -> 0 | J31: =_xlfn.XLOOKUP(C31,'SDL-BIAC-INDUCTIVA'!C:C,'SDL-BIAC-INDUCTIVA'!H:H) -> 1 | K31: =_xlfn.XLOOKUP(C31,'SDL-BIAC-INDUCTIVA'!C:C,'SDL-BIAC-INDUCTIVA'!F:F) -> 1 | M31: =_xlfn.XLOOKUP(C31,'SDL-BIAC-INDUCTIVA'!C:C,'SDL-BIAC-INDUCTIVA'!J:J) -> 230.87
A32: 2025 | B32: 12 | C32: Frt80609 | D32: BIAC | E32: 1434.195 | F32: 376.939 | G32: 0 | H32: 4560.316 | I32: =_xlfn.XLOOKUP(C32,'SDL-BIAC-INDUCTIVA'!C:C,'SDL-BIAC-INDUCTIVA'!G:G) -> 0 | J32: =_xlfn.XLOOKUP(C32,'SDL-BIAC-INDUCTIVA'!C:C,'SDL-BIAC-INDUCTIVA'!H:H) -> 1 | K32: =_xlfn.XLOOKUP(C32,'SDL-BIAC-INDUCTIVA'!C:C,'SDL-BIAC-INDUCTIVA'!F:F) -> 1 | M32: =_xlfn.XLOOKUP(C32,'SDL-BIAC-INDUCTIVA'!C:C,'SDL-BIAC-INDUCTIVA'!J:J) -> 230.87
A33: 2025 | B33: 12 | C33: Frt83728 | D33: BIAC | E33: 335.2 | F33: 3248.72 | G33: 0 | H33: 7426.16 | I33: =_xlfn.XLOOKUP(C33,'SDL-BIAC-INDUCTIVA'!C:C,'SDL-BIAC-INDUCTIVA'!G:G) -> 384.32 | J33: =_xlfn.XLOOKUP(C33,'SDL-BIAC-INDUCTIVA'!C:C,'SDL-BIAC-INDUCTIVA'!H:H) -> 1 | K33: =_xlfn.XLOOKUP(C33,'SDL-BIAC-INDUCTIVA'!C:C,'SDL-BIAC-INDUCTIVA'!F:F) -> 1 | M33: =_xlfn.XLOOKUP(C33,'SDL-BIAC-INDUCTIVA'!C:C,'SDL-BIAC-INDUCTIVA'!J:J) -> 230.87

Sheet SDL-BIAC-INDUCTIVA
A1: ANO | B1: MES | C1: CODIGO | D1: Nombre Frontera (KWH) | E1: AGENTE COMERCIAL QUE IMPORTA | F1: Nivel | G1: TotalInduc | H1: M | I1: VlrConsumo | J1: COSTO_DISTRIBUCION | K1: Cobro | L1: Nombre
A2: 2025 | B2: 12 | C2: Frt26947 | D2: ALMACENES MAXIMO ( PEPEGANGA) | E2: BIAC | F2: 1 | G2: 71.97 | H2: 12 | I2: 863.64 | J2: 230.87 | K2: 199388.57 | L2: BIA ENERGY
A3: 2025 | B3: 12 | C3: Frt42718 | D3: BANCO DAVIVIENDA SA | E3: BIAC | F3: 1 | G3: 295.85 | H3: 7 | I3: 2070.95 | J3: 230.87 | K3: 478120.23 | L3: BIA ENERGY
A4: 2025 | B4: 12 | C4: Frt42745 | D4: BANCO DAVIVIENDA SA | E4: BIAC | F4: 1 | G4: 376.725 | H4: 12 | I4: 4520.7 | J4: 230.87 | K4: 1043694 | L4: BIA ENERGY
A5: 2025 | B5: 12 | C5: Frt42746 | D5: BANCO DAVIVIENDA SA | E5: BIAC | F5: 1 | G5: 0.03 | H5: 1 | I5: 0.03 | J5: 230.87 | K5: 6.9261 | L5: BIA ENERGY
A6: 2025 | B6: 12 | C6: Frt42749 | D6: BANCO DAVIVIENDA SA | E6: BIAC | F6: 1 | G6: 0 | H6: 1 | I6: 0 | J6: 230.87 | K6: 0 | L6: BIA ENERGY
A7: 2025 | B7: 12 | C7: Frt42827 | D7: BANCO DAVIVIENDA SA | E7: BIAC | F7: 1 | G7: 0 | H7: 1 | I7: 0 | J7: 230.87 | K7: 0 | L7: BIA ENERGY
A8: 2025 | B8: 12 | C8: Frt43114 | D8: BANCO DAVIVIENDA - BARZAL - | E8: BIAC | F8: 1 | G8: 0 | H8: 1 | I8: 0 | J8: 230.87 | K8: 0 | L8: BIA ENERGY
A9: 2025 | B9: 12 | C9: Frt43115 | D9: BANCO DAVIVIENDA - C.C. PRIMAVERA URBANA - | E9: BIAC | F9: 1 | G9: 0 | H9: 1 | I9: 0 | J9: 230.87 | K9: 0 | L9: BIA ENERGY
A10: 2025 | B10: 12 | C10: Frt43693 | D10: BANCO DAVIVIENDA - CENTRO - | E10: BIAC | F10: 1 | G10: 510.945 | H10: 12 | I10: 6131.34 | J10: 230.87 | K10: 1415542.5 | L10: BIA ENERGY
A11: 2025 | B11: 12 | C11: Frt60060 | D11: FRUTOS DEL MAR PYM - EL CAIRO - | E11: BIAC | F11: 1 | G11: 10.735 | H11: 1 | I11: 10.735 | J11: 230.87 | K11: 2478.3895 | L11: BIA ENERGY
A12: 2025 | B12: 12 | C12: Frt60061 | D12: FRUTOS DEL MAR PYM - LA GRAMA - | E12: BIAC | F12: 1 | G12: 5.545 | H12: 1 | I12: 5.545 | J12: 230.87 | K12: 1280.1742 | L12: BIA ENERGY
A13: 2025 | B13: 12 | C13: Frt60157 | D13: CAIMED S. A. S. | E13: BIAC | F13: 1 | G13: 0 | H13: 1 | I13: 0 | J13: 230.87 | K13: 0 | L13: BIA ENERGY
... A30: 2025 | B30: 12 | C30: Frt83728 | D30: BANCO POPULAR CENTRO | E30: BIAC | F30: 1 | G30: 384.32 | H30: 1 | I30: 384.32 | J30: 230.87 | K30: 88727.958 | L30: BIA ENERGY

Sheet SDL-CMMC-CAPACITIVA
A1: ANO | B1: MES | C1: CODIGO | D1: Nombre Frontera (KWH) | E1: AGENTE COMERCIAL QUE IMPORTA | F1: Nivel | G1: SumaCapacitiva | H1: M | I1: VlrConsumo | J1: D | K1: Cobro | L1: Nombre | M1: AplicaCREG
A2: 2025 | B2: 12 | C2: Frt05976 | D2: COLOMBIA TELECOMUNICACIONES VILLAVICENCIO | E2: CMMC | F2: 2 | G2: 0 | H2: 12 | I2: 0 | J2: 0 | K2: 0 | L2: CARIBEMAR DE LA COSTA S.A.S. E.S.P. | M2: NO-COBRAR
A3: 2025 | B3: 12 | C3: Frt24258 | D3: HOTELES ESTELAR SA | E3: CMMC | F3: 3 | G3: 16.79 | H3: 1 | I3: 16.79 | J3: 0 | K3: 0 | L3: CARIBEMAR DE LA COSTA S.A.S. E.S.P. | M3: NO-COBRAR
